,eventurl,eventurlid,datestring,fighttitlefullname,fighttitlecategory,location
0,http://ufcstats.com/event-details/1fac46d466abd5b8,1fac46d466abd5b8,"March 26, 2022",UFC Fight Night: Blaydes vs. Daukaus,UFC Fight Night,"Columbus, Ohio, USA"
1,http://ufcstats.com/event-details/1d00756835ca67c9,1d00756835ca67c9,"March 19, 2022",UFC Fight Night: Volkov vs. Aspinall,UFC Fight Night,"London, England, United Kingdom"
2,http://ufcstats.com/event-details/1f9344211ca7fd60,1f9344211ca7fd60,"March 12, 2022",UFC Fight Night: Santos vs. Ankalaev,UFC Fight Night,"Las Vegas, Nevada, USA"
3,http://ufcstats.com/event-details/75e0d3cc2262b732,75e0d3cc2262b732,"March 05, 2022",UFC 272: Covington vs. Masvidal,UFC 272,"Las Vegas, Nevada, USA"
4,http://ufcstats.com/event-details/f6a7b02c42e9fc5b,f6a7b02c42e9fc5b,"February 26, 2022",UFC Fight Night: Makhachev vs. Green,UFC Fight Night,"Las Vegas, Nevada, USA"
5,http://ufcstats.com/event-details/77940e45bc86208e,77940e45bc86208e,"February 19, 2022",UFC Fight Night: Walker vs. Hill,UFC Fight Night,"Las Vegas, Nevada, USA"
6,http://ufcstats.com/event-details/cbb682f5fcc44bfc,cbb682f5fcc44bfc,"February 12, 2022",UFC 271: Adesanya vs. Whittaker 2,UFC 271,"Houston, Texas, USA"
7,http://ufcstats.com/event-details/883922e5cd6d8473,883922e5cd6d8473,"February 05, 2022",UFC Fight Night: Hermansson vs. Strickland,UFC Fight Night,"Las Vegas, Nevada, USA"
8,http://ufcstats.com/event-details/335ad945324c3a2e,335ad945324c3a2e,"January 22, 2022",UFC 270: Ngannou vs. Gane,UFC 270,"Anaheim, California, USA"
9,http://ufcstats.com/event-details/f5585e675af7afd4,f5585e675af7afd4,"January 15, 2022",UFC Fight Night: Kattar vs. Chikadze,UFC Fight Night,"Las Vegas, Nevada, USA"
10,http://ufcstats.com/event-details/2a470ad41c22c25a,2a470ad41c22c25a,"December 18, 2021",UFC Fight Night: Lewis vs. Daukaus,UFC Fight Night,"Las Vegas, Nevada, USA"
11,http://ufcstats.com/event-details/ef927e4fe2117ab8,ef927e4fe2117ab8,"December 11, 2021",UFC 269: Oliveira vs. Poirier,UFC 269,"Las Vegas, Nevada, USA"
12,http://ufcstats.com/event-details/509697e08673d2e5,509697e08673d2e5,"December 04, 2021",UFC Fight Night: Font vs. Aldo,UFC Fight Night,"Las Vegas, Nevada, USA"
13,http://ufcstats.com/event-details/c95fbc085e17a532,c95fbc085e17a532,"November 20, 2021",UFC Fight Night: Vieira vs. Tate,UFC Fight Night,"Las Vegas, Nevada, USA"
14,http://ufcstats.com/event-details/b5abaa65f87938eb,b5abaa65f87938eb,"November 13, 2021",UFC Fight Night: Holloway vs. Rodriguez,UFC Fight Night,"Las Vegas, Nevada, USA"
15,http://ufcstats.com/event-details/48e093ea1f43a053,48e093ea1f43a053,"November 06, 2021",UFC 268: Usman vs. Covington 2,UFC 268,"New York City, New York, USA"
16,http://ufcstats.com/event-details/3974fa35c917af1d,3974fa35c917af1d,"October 30, 2021",UFC 267: Blachowicz vs. Teixeira,UFC 267,"Abu Dhabi, Abu Dhabi, United Arab Emirates"
17,http://ufcstats.com/event-details/8a9c6c4301f6d088,8a9c6c4301f6d088,"October 23, 2021",UFC Fight Night: Costa vs. Vettori,UFC Fight Night,"Las Vegas, Nevada, USA"
18,http://ufcstats.com/event-details/8f4616698508f24d,8f4616698508f24d,"October 16, 2021",UFC Fight Night: Ladd vs. Dumont,UFC Fight Night,"Las Vegas, Nevada, USA"
19,http://ufcstats.com/event-details/d247691a6c0e9034,d247691a6c0e9034,"October 09, 2021",UFC Fight Night: Dern vs. Rodriguez,UFC Fight Night,"Las Vegas, Nevada, USA"
20,http://ufcstats.com/event-details/e15d0a2519d6a0b5,e15d0a2519d6a0b5,"October 02, 2021",UFC Fight Night: Santos vs. Walker,UFC Fight Night,"Las Vegas, Nevada, USA"
21,http://ufcstats.com/event-details/0eec866a077889f0,0eec866a077889f0,"September 25, 2021",UFC 266: Volkanovski vs. Ortega,UFC 266,"Las Vegas, Nevada, USA"
22,http://ufcstats.com/event-details/4c27ca8c8481f79a,4c27ca8c8481f79a,"September 18, 2021",UFC Fight Night: Smith vs. Spann,UFC Fight Night,"Las Vegas, Nevada, USA"
23,http://ufcstats.com/event-details/b9532d815060de7f,b9532d815060de7f,"September 04, 2021",UFC Fight Night: Brunson vs. Till,UFC Fight Night,"Las Vegas, Nevada, USA"
24,http://ufcstats.com/event-details/0db9d2486d564a3c,0db9d2486d564a3c,"August 28, 2021",UFC Fight Night: Barboza vs. Chikadze,UFC Fight Night,"Las Vegas, Nevada, USA"
25,http://ufcstats.com/event-details/2f13e4020cea5b38,2f13e4020cea5b38,"August 21, 2021",UFC Fight Night: Cannonier vs. Gastelum,UFC Fight Night,"Las Vegas, Nevada, USA"
26,http://ufcstats.com/event-details/972197a8c61ac413,972197a8c61ac413,"August 07, 2021",UFC 265: Lewis vs. Gane,UFC 265,"Houston, Texas, USA"
27,http://ufcstats.com/event-details/320edfb0332b7073,320edfb0332b7073,"July 31, 2021",UFC Fight Night: Hall vs. Strickland,UFC Fight Night,"Las Vegas, Nevada, USA"
28,http://ufcstats.com/event-details/e57f0b06ea39e360,e57f0b06ea39e360,"July 24, 2021",UFC Fight Night: Sandhagen vs. Dillashaw,UFC Fight Night,"Las Vegas, Nevada, USA"
29,http://ufcstats.com/event-details/40389d39a92f5bfa,40389d39a92f5bfa,"July 17, 2021",UFC Fight Night: Makhachev vs. Moises,UFC Fight Night,"Las Vegas, Nevada, USA"
30,http://ufcstats.com/event-details/8a0be41c0380188d,8a0be41c0380188d,"July 10, 2021",UFC 264: Poirier vs. McGregor 3,UFC 264,"Las Vegas, Nevada, USA"
31,http://ufcstats.com/event-details/a1d6b308781aa2f5,a1d6b308781aa2f5,"June 26, 2021",UFC Fight Night: Gane vs. Volkov,UFC Fight Night,"Las Vegas, Nevada, USA"
32,http://ufcstats.com/event-details/9ddfb3369a3b0394,9ddfb3369a3b0394,"June 19, 2021",UFC Fight Night: Jung vs. Ige,UFC Fight Night,"Las Vegas, Nevada, USA"
33,http://ufcstats.com/event-details/0b64d0fed453ef7f,0b64d0fed453ef7f,"June 12, 2021",UFC 263: Adesanya vs. Vettori 2,UFC 263,"Glendale, Arizona, USA"
34,http://ufcstats.com/event-details/3b2485c8d5c8b580,3b2485c8d5c8b580,"June 05, 2021",UFC Fight Night: Rozenstruik vs. Sakai,UFC Fight Night,"Las Vegas, Nevada, USA"
35,http://ufcstats.com/event-details/277ffed20cf07aea,277ffed20cf07aea,"May 22, 2021",UFC Fight Night: Font vs. Garbrandt,UFC Fight Night,"Las Vegas, Nevada, USA"
36,http://ufcstats.com/event-details/744f50016c39c26c,744f50016c39c26c,"May 15, 2021",UFC 262: Oliveira vs. Chandler,UFC 262,"Houston, Texas, USA"
37,http://ufcstats.com/event-details/58a36b4ccf5dc30e,58a36b4ccf5dc30e,"May 08, 2021",UFC Fight Night: Rodriguez vs. Waterson,UFC Fight Night,"Las Vegas, Nevada, USA"
38,http://ufcstats.com/event-details/d57e6a8971b6d2bd,d57e6a8971b6d2bd,"May 01, 2021",UFC Fight Night: Reyes vs. Prochazka,UFC Fight Night,"Las Vegas, Nevada, USA"
39,http://ufcstats.com/event-details/27541033b97c076d,27541033b97c076d,"April 24, 2021",UFC 261: Usman vs. Masvidal 2,UFC 261,"Jacksonville, Florida, USA"
40,http://ufcstats.com/event-details/4a35913bd9aa4161,4a35913bd9aa4161,"April 17, 2021",UFC Fight Night: Whittaker vs. Gastelum,UFC Fight Night,"Las Vegas, Nevada, USA"
41,http://ufcstats.com/event-details/9114c8ded5ccd71d,9114c8ded5ccd71d,"April 10, 2021",UFC Fight Night: Vettori vs. Holland,UFC Fight Night,"Las Vegas, Nevada, USA"
42,http://ufcstats.com/event-details/6597b611f1c32555,6597b611f1c32555,"March 27, 2021",UFC 260: Miocic vs. Ngannou,UFC 260,"Las Vegas, Nevada, USA"
43,http://ufcstats.com/event-details/c36e1f4fa755ffb4,c36e1f4fa755ffb4,"March 20, 2021",UFC Fight Night: Brunson vs. Holland,UFC Fight Night,"Las Vegas, Nevada, USA"
44,http://ufcstats.com/event-details/8c90c1563972e44d,8c90c1563972e44d,"March 13, 2021",UFC Fight Night: Edwards vs. Muhammad,UFC Fight Night,"Las Vegas, Nevada, USA"
45,http://ufcstats.com/event-details/6e2b1d631832921d,6e2b1d631832921d,"March 06, 2021",UFC 259: Blachowicz vs. Adesanya,UFC 259,"Las Vegas, Nevada, USA"
46,http://ufcstats.com/event-details/81b57acd6975ac06,81b57acd6975ac06,"February 27, 2021",UFC Fight Night: Rozenstruik vs. Gane,UFC Fight Night,"Las Vegas, Nevada, USA"
47,http://ufcstats.com/event-details/bfe95ec546692b13,bfe95ec546692b13,"February 20, 2021",UFC Fight Night: Blaydes vs. Lewis,UFC Fight Night,"Las Vegas, Nevada, USA"
48,http://ufcstats.com/event-details/3f7c14c7eca7195d,3f7c14c7eca7195d,"February 13, 2021",UFC 258: Usman vs. Burns,UFC 258,"Las Vegas, Nevada, USA"
49,http://ufcstats.com/event-details/a1153013cb5f628f,a1153013cb5f628f,"February 06, 2021",UFC Fight Night: Overeem vs. Volkov,UFC Fight Night,"Las Vegas, Nevada, USA"
50,http://ufcstats.com/event-details/4304992c2acc187b,4304992c2acc187b,"January 23, 2021",UFC 257: Poirier vs. McGregor,UFC 257,"Abu Dhabi, Abu Dhabi, United Arab Emirates"
51,http://ufcstats.com/event-details/56116537d71a578c,56116537d71a578c,"January 20, 2021",UFC Fight Night: Chiesa vs. Magny,UFC Fight Night,"Abu Dhabi, Abu Dhabi, United Arab Emirates"
52,http://ufcstats.com/event-details/307064d3e0f036c2,307064d3e0f036c2,"January 16, 2021",UFC Fight Night: Holloway vs. Kattar,UFC Fight Night,"Abu Dhabi, Abu Dhabi, United Arab Emirates"
53,http://ufcstats.com/event-details/e49c2db95e572dc8,e49c2db95e572dc8,"December 19, 2020",UFC Fight Night: Thompson vs. Neal,UFC Fight Night,"Las Vegas, Nevada, USA"
54,http://ufcstats.com/event-details/d0d43cb9b14f231c,d0d43cb9b14f231c,"December 12, 2020",UFC 256: Figueiredo vs. Moreno,UFC 256,"Las Vegas, Nevada, USA"
55,http://ufcstats.com/event-details/398b440e73d55b8b,398b440e73d55b8b,"December 05, 2020",UFC Fight Night: Hermansson vs. Vettori,UFC Fight Night,"Las Vegas, Nevada, USA"
56,http://ufcstats.com/event-details/992c82450d96f726,992c82450d96f726,"November 28, 2020",UFC Fight Night: Smith vs. Clark,UFC Fight Night,"Las Vegas, Nevada, USA"
57,http://ufcstats.com/event-details/bbb15f301e4a490a,bbb15f301e4a490a,"November 21, 2020",UFC 255: Figueiredo vs. Perez,UFC 255,"Las Vegas, Nevada, USA"
58,http://ufcstats.com/event-details/3bc27ec15facbcf3,3bc27ec15facbcf3,"November 14, 2020",UFC Fight Night: Felder vs. Dos Anjos,UFC Fight Night,"Las Vegas, Nevada, USA"
59,http://ufcstats.com/event-details/41dca66f9dadfc86,41dca66f9dadfc86,"November 07, 2020",UFC Fight Night: Santos vs. Teixeira,UFC Fight Night,"Las Vegas, Nevada, USA"
60,http://ufcstats.com/event-details/ad044be25c94dcfd,ad044be25c94dcfd,"October 31, 2020",UFC Fight Night: Hall vs. Silva,UFC Fight Night,"Las Vegas, Nevada, USA"
61,http://ufcstats.com/event-details/c3c38c86f5ab9b5c,c3c38c86f5ab9b5c,"October 24, 2020",UFC 254: Khabib vs. Gaethje,UFC 254,"Abu Dhabi, Abu Dhabi, United Arab Emirates"
62,http://ufcstats.com/event-details/d4f364dd076bb0e2,d4f364dd076bb0e2,"October 17, 2020",UFC Fight Night: Ortega vs. The Korean Zombie,UFC Fight Night,"Abu Dhabi, Abu Dhabi, United Arab Emirates"
63,http://ufcstats.com/event-details/fd4578cac86d75ca,fd4578cac86d75ca,"October 10, 2020",UFC Fight Night: Moraes vs. Sandhagen,UFC Fight Night,"Abu Dhabi, Abu Dhabi, United Arab Emirates"
64,http://ufcstats.com/event-details/805ad1801eb26abb,805ad1801eb26abb,"October 03, 2020",UFC Fight Night: Holm vs. Aldana,UFC Fight Night,"Abu Dhabi, Abu Dhabi, United Arab Emirates"
65,http://ufcstats.com/event-details/e69c5ce12f4e762b,e69c5ce12f4e762b,"September 26, 2020",UFC 253: Adesanya vs. Costa,UFC 253,"Abu Dhabi, Abu Dhabi, United Arab Emirates"
66,http://ufcstats.com/event-details/831b937811804dad,831b937811804dad,"September 19, 2020",UFC Fight Night: Covington vs. Woodley,UFC Fight Night,"Las Vegas, Nevada, USA"
67,http://ufcstats.com/event-details/9c37681096c6f3a9,9c37681096c6f3a9,"September 12, 2020",UFC Fight Night: Waterson vs. Hill,UFC Fight Night,"Las Vegas, Nevada, USA"
68,http://ufcstats.com/event-details/542db012217ecb83,542db012217ecb83,"September 05, 2020",UFC Fight Night: Overeem vs. Sakai,UFC Fight Night,"Las Vegas, Nevada, USA"
69,http://ufcstats.com/event-details/e29cf523ebd155c5,e29cf523ebd155c5,"August 29, 2020",UFC Fight Night: Smith vs. Rakic,UFC Fight Night,"Las Vegas, Nevada, USA"
70,http://ufcstats.com/event-details/af1e5c64b8663aa0,af1e5c64b8663aa0,"August 22, 2020",UFC Fight Night: Munhoz vs. Edgar,UFC Fight Night,"Las Vegas, Nevada, USA"
71,http://ufcstats.com/event-details/bda04c573563cc2e,bda04c573563cc2e,"August 15, 2020",UFC 252: Miocic vs. Cormier 3,UFC 252,"Las Vegas, Nevada, USA"
72,http://ufcstats.com/event-details/7a82635ffa9b59fe,7a82635ffa9b59fe,"August 08, 2020",UFC Fight Night: Lewis vs. Oleinik,UFC Fight Night,"Las Vegas, Nevada, USA"
73,http://ufcstats.com/event-details/3746e21bb508391a,3746e21bb508391a,"August 01, 2020",UFC Fight Night: Brunson vs. Shahbazyan,UFC Fight Night,"Las Vegas, Nevada, USA"
74,http://ufcstats.com/event-details/dde70a112e053a6c,dde70a112e053a6c,"July 25, 2020",UFC Fight Night: Whittaker vs. Till,UFC Fight Night,"Abu Dhabi, Abu Dhabi, United Arab Emirates"
75,http://ufcstats.com/event-details/ddbd0d6259ce57cc,ddbd0d6259ce57cc,"July 18, 2020",UFC Fight Night: Figueiredo vs. Benavidez 2,UFC Fight Night,"Abu Dhabi, Abu Dhabi, United Arab Emirates"
76,http://ufcstats.com/event-details/18f5669a92e99d92,18f5669a92e99d92,"July 15, 2020",UFC Fight Night: Kattar vs. Ige,UFC Fight Night,"Abu Dhabi, Abu Dhabi, United Arab Emirates"
77,http://ufcstats.com/event-details/dbd198f780286aca,dbd198f780286aca,"July 11, 2020",UFC 251: Usman vs. Masvidal,UFC 251,"Abu Dhabi, Abu Dhabi, United Arab Emirates"
78,http://ufcstats.com/event-details/c32eab6c2119e989,c32eab6c2119e989,"June 27, 2020",UFC Fight Night: Poirier vs. Hooker,UFC Fight Night,"Las Vegas, Nevada, USA"
79,http://ufcstats.com/event-details/2eab7a6c8b0ed8cc,2eab7a6c8b0ed8cc,"June 20, 2020",UFC Fight Night: Blaydes vs. Volkov,UFC Fight Night,"Las Vegas, Nevada, USA"
80,http://ufcstats.com/event-details/1e13936d708bcff7,1e13936d708bcff7,"June 13, 2020",UFC Fight Night: Eye vs. Calvillo,UFC Fight Night,"Las Vegas, Nevada, USA"
81,http://ufcstats.com/event-details/4c12aa7ca246e7a4,4c12aa7ca246e7a4,"June 06, 2020",UFC 250: Nunes vs. Spencer,UFC 250,"Las Vegas, Nevada, USA"
82,http://ufcstats.com/event-details/14b9e0f2679a2205,14b9e0f2679a2205,"May 30, 2020",UFC Fight Night: Woodley vs. Burns,UFC Fight Night,"Las Vegas, Nevada, USA"
83,http://ufcstats.com/event-details/dfb965c9824425db,dfb965c9824425db,"May 16, 2020",UFC Fight Night: Overeem vs. Harris,UFC Fight Night,"Jacksonville, Florida, USA"
84,http://ufcstats.com/event-details/5f8e00c27b7e7410,5f8e00c27b7e7410,"May 13, 2020",UFC Fight Night: Smith vs. Teixeira,UFC Fight Night,"Jacksonville, Florida, USA"
85,http://ufcstats.com/event-details/898337ef520fe4d3,898337ef520fe4d3,"May 09, 2020",UFC 249: Ferguson vs. Gaethje,UFC 249,"Jacksonville, Florida, USA"
86,http://ufcstats.com/event-details/53278852bcd91e11,53278852bcd91e11,"March 14, 2020",UFC Fight Night: Lee vs. Oliveira,UFC Fight Night,"Brasilia, Distrito Federal, Brazil"
87,http://ufcstats.com/event-details/0b5b6876c2a4723f,0b5b6876c2a4723f,"March 07, 2020",UFC 248: Adesanya vs. Romero,UFC 248,"Las Vegas, Nevada, USA"
88,http://ufcstats.com/event-details/fc9a9559a05f2704,fc9a9559a05f2704,"February 29, 2020",UFC Fight Night: Benavidez vs. Figueiredo,UFC Fight Night,"Norfolk, Virginia, USA"
89,http://ufcstats.com/event-details/33b2f68ef95252e0,33b2f68ef95252e0,"February 22, 2020",UFC Fight Night: Felder vs. Hooker,UFC Fight Night,"Auckland, New Zealand"
90,http://ufcstats.com/event-details/5df17b3620145578,5df17b3620145578,"February 15, 2020",UFC Fight Night: Anderson vs. Blachowicz,UFC Fight Night,"Rio Rancho, New Mexico, USA"
91,http://ufcstats.com/event-details/b26d3e3746fb4024,b26d3e3746fb4024,"February 08, 2020",UFC 247: Jones vs. Reyes,UFC 247,"Houston, Texas, USA"
92,http://ufcstats.com/event-details/44aa652b181bcf68,44aa652b181bcf68,"January 25, 2020",UFC Fight Night: Blaydes vs. Dos Santos,UFC Fight Night,"Raleigh, North Carolina, USA"
93,http://ufcstats.com/event-details/0c1773639c795466,0c1773639c795466,"January 18, 2020",UFC 246: McGregor vs. Cowboy,UFC 246,"Las Vegas, Nevada, USA"
94,http://ufcstats.com/event-details/74fefd43f073cd2f,74fefd43f073cd2f,"December 21, 2019",UFC Fight Night: Edgar vs. The Korean Zombie,UFC Fight Night,"Busan, South Korea"
95,http://ufcstats.com/event-details/4565d435005319c0,4565d435005319c0,"December 14, 2019",UFC 245: Usman vs. Covington,UFC 245,"Las Vegas, Nevada, USA"
96,http://ufcstats.com/event-details/b09890ba7ce1d1e2,b09890ba7ce1d1e2,"December 07, 2019",UFC Fight Night: Overeem vs. Rozenstruik,UFC Fight Night,"Washington, DC, USA"
97,http://ufcstats.com/event-details/81ca2c245b19b3c5,81ca2c245b19b3c5,"November 16, 2019",UFC Fight Night: Blachowicz vs. Jacare,UFC Fight Night,"Sao Paulo, Sao Paulo, Brazil"
98,http://ufcstats.com/event-details/8d5daf67983b65ba,8d5daf67983b65ba,"November 09, 2019",UFC Fight Night: Zabit vs. Kattar,UFC Fight Night,"Moscow, Moscow, Russia"
99,http://ufcstats.com/event-details/fd87b1bbfcde9d5e,fd87b1bbfcde9d5e,"November 02, 2019",UFC 244: Masvidal vs. Diaz,UFC 244,"New York City, New York, USA"
100,http://ufcstats.com/event-details/df05aa15b2d66f57,df05aa15b2d66f57,"October 26, 2019",UFC Fight Night: Maia vs. Askren,UFC Fight Night,"Kallang, Singapore"
101,http://ufcstats.com/event-details/3ae10ac4df3df05c,3ae10ac4df3df05c,"October 18, 2019",UFC Fight Night: Reyes vs. Weidman,UFC Fight Night,"Boston, Massachusetts, USA"
102,http://ufcstats.com/event-details/0941df56f6ac954b,0941df56f6ac954b,"October 12, 2019",UFC Fight Night: Joanna vs. Waterson,UFC Fight Night,"Tampa, Florida, USA"
103,http://ufcstats.com/event-details/3cf68c1d17f66af7,3cf68c1d17f66af7,"October 05, 2019",UFC 243: Whittaker vs. Adesanya,UFC 243,"Melbourne, Victoria, Australia"
104,http://ufcstats.com/event-details/1bf49bf829964144,1bf49bf829964144,"September 28, 2019",UFC Fight Night: Hermansson vs. Cannonier,UFC Fight Night,"Copenhagen, Denmark"
105,http://ufcstats.com/event-details/94a5aaf573f780ad,94a5aaf573f780ad,"September 21, 2019",UFC Fight Night: Rodriguez vs. Stephens,UFC Fight Night,"Mexico City, Distrito Federal, Mexico"
106,http://ufcstats.com/event-details/4834ff149dc9542a,4834ff149dc9542a,"September 14, 2019",UFC Fight Night: Cowboy vs. Gaethje,UFC Fight Night,"Vancouver, British Columbia, Canada"
107,http://ufcstats.com/event-details/a79bfbc01b2264d6,a79bfbc01b2264d6,"September 07, 2019",UFC 242: Khabib vs. Poirier,UFC 242,"Abu Dhabi, Abu Dhabi, United Arab Emirates"
108,http://ufcstats.com/event-details/2c104b7e59a72629,2c104b7e59a72629,"August 31, 2019",UFC Fight Night: Andrade vs. Zhang,UFC Fight Night,"Shenzhen, Guangdong, China"
109,http://ufcstats.com/event-details/70167689d6a01793,70167689d6a01793,"August 17, 2019",UFC 241: Cormier vs. Miocic 2,UFC 241,"Anaheim, California, USA"
110,http://ufcstats.com/event-details/e5d03e4d966126bd,e5d03e4d966126bd,"August 10, 2019",UFC Fight Night: Shevchenko vs. Carmouche 2,UFC Fight Night,"Montevideo, Uruguay"
111,http://ufcstats.com/event-details/03da33a102d9a45f,03da33a102d9a45f,"August 03, 2019",UFC Fight Night: Covington vs. Lawler,UFC Fight Night,"Newark, New Jersey, USA"
112,http://ufcstats.com/event-details/abcf7e55a0a9ed89,abcf7e55a0a9ed89,"July 27, 2019",UFC 240: Holloway vs. Edgar,UFC 240,"Edmonton, Alberta, Canada"
113,http://ufcstats.com/event-details/9e0f28d1f639ad73,9e0f28d1f639ad73,"July 20, 2019",UFC Fight Night: Dos Anjos vs. Edwards,UFC Fight Night,"San Antonio, Texas, USA"
114,http://ufcstats.com/event-details/2f8f3c69522db931,2f8f3c69522db931,"July 13, 2019",UFC Fight Night: De Randamie vs. Ladd,UFC Fight Night,"Sacramento, California, USA"
115,http://ufcstats.com/event-details/6c9383ffab2725a5,6c9383ffab2725a5,"July 06, 2019",UFC 239: Jones vs. Santos,UFC 239,"Las Vegas, Nevada, USA"
116,http://ufcstats.com/event-details/c0c1bc0766df4c00,c0c1bc0766df4c00,"June 29, 2019",UFC Fight Night: Ngannou vs. Dos Santos,UFC Fight Night,"Minneapolis, Minnesota, USA"
117,http://ufcstats.com/event-details/b16a7e6a627e9789,b16a7e6a627e9789,"June 22, 2019",UFC Fight Night: Moicano vs. The Korean Zombie,UFC Fight Night,"Greenville, South Carolina, USA"
118,http://ufcstats.com/event-details/e31502e3f79d00c5,e31502e3f79d00c5,"June 08, 2019",UFC 238: Cejudo vs. Moraes,UFC 238,"Chicago, Illinois, USA"
119,http://ufcstats.com/event-details/cbc071cb20ea59c7,cbc071cb20ea59c7,"June 01, 2019",UFC Fight Night: Gustafsson vs. Smith,UFC Fight Night,"Stockholm, Sweden"
120,http://ufcstats.com/event-details/6b8f28da9a483049,6b8f28da9a483049,"May 18, 2019",UFC Fight Night: Dos Anjos vs. Lee,UFC Fight Night,"Rochester, New York, USA"
121,http://ufcstats.com/event-details/9de7c97e1c0d7927,9de7c97e1c0d7927,"May 11, 2019",UFC 237: Namajunas vs. Andrade,UFC 237,"Rio de Janeiro, Rio de Janeiro, Brazil"
122,http://ufcstats.com/event-details/351264d11286d09a,351264d11286d09a,"May 04, 2019",UFC Fight Night: Iaquinta vs. Cowboy,UFC Fight Night,"Ottawa, Ontario, Canada"
123,http://ufcstats.com/event-details/c912f676692c353a,c912f676692c353a,"April 27, 2019",UFC Fight Night: Jacare vs. Hermansson,UFC Fight Night,"Sunrise, Florida, USA"
124,http://ufcstats.com/event-details/7dcf06c1967801c1,7dcf06c1967801c1,"April 20, 2019",UFC Fight Night: Overeem vs. Oleinik,UFC Fight Night,"Saint Petersburg, Saint Petersburg, Russia"
125,http://ufcstats.com/event-details/b0550072e5f0afa7,b0550072e5f0afa7,"April 13, 2019",UFC 236: Holloway vs. Poirier 2,UFC 236,"Atlanta, Georgia, USA"
126,http://ufcstats.com/event-details/9649d75defe0dedb,9649d75defe0dedb,"March 30, 2019",UFC Fight Night: Barboza vs. Gaethje,UFC Fight Night,"Philadelphia, Pennsylvania, USA"
127,http://ufcstats.com/event-details/487c170da059857d,487c170da059857d,"March 23, 2019",UFC Fight Night: Thompson vs. Pettis,UFC Fight Night,"Nashville, Tennessee, USA"
128,http://ufcstats.com/event-details/80eacd4da0617c57,80eacd4da0617c57,"March 16, 2019",UFC Fight Night: Till vs. Masvidal,UFC Fight Night,"London, England, United Kingdom"
129,http://ufcstats.com/event-details/e96d8538d3f9d0ed,e96d8538d3f9d0ed,"March 09, 2019",UFC Fight Night: Lewis vs. Dos Santos,UFC Fight Night,"Wichita, Kansas, USA"
130,http://ufcstats.com/event-details/2d5fbe2103f97053,2d5fbe2103f97053,"March 02, 2019",UFC 235: Jones vs. Smith,UFC 235,"Las Vegas, Nevada, USA"
131,http://ufcstats.com/event-details/6546af7ab545b90c,6546af7ab545b90c,"February 23, 2019",UFC Fight Night: Blachowicz vs. Santos,UFC Fight Night,"Prague, Czech Republic"
132,http://ufcstats.com/event-details/a7a79b8efbceaaac,a7a79b8efbceaaac,"February 17, 2019",UFC Fight Night: Ngannou vs. Velasquez,UFC Fight Night,"Phoenix, Arizona, USA"
133,http://ufcstats.com/event-details/b5882371e2a3900d,b5882371e2a3900d,"February 09, 2019",UFC 234: Adesanya vs. Silva,UFC 234,"Melbourne, Victoria, Australia"
134,http://ufcstats.com/event-details/84283233ec42be5f,84283233ec42be5f,"February 02, 2019",UFC Fight Night: Assuncao vs. Moraes 2,UFC Fight Night,"Fortaleza, Ceara, Brazil"
135,http://ufcstats.com/event-details/d4da8995fc91e7ef,d4da8995fc91e7ef,"January 19, 2019",UFC Fight Night: Cejudo vs. Dillashaw,UFC Fight Night,"Brooklyn, New York, USA"
136,http://ufcstats.com/event-details/c046100aea0dba9a,c046100aea0dba9a,"December 29, 2018",UFC 232: Jones vs. Gustafsson 2,UFC 232,"Los Angeles, California, USA"
137,http://ufcstats.com/event-details/7a703c565ccaa18f,7a703c565ccaa18f,"December 15, 2018",UFC Fight Night: Lee vs. Iaquinta,UFC Fight Night,"Milwaukee, Wisconsin, USA"
138,http://ufcstats.com/event-details/2a74bbba57058f12,2a74bbba57058f12,"December 08, 2018",UFC 231: Holloway vs. Ortega,UFC 231,"Toronto, Ontario, Canada"
139,http://ufcstats.com/event-details/d1d20e651e6cbc02,d1d20e651e6cbc02,"December 01, 2018",UFC Fight Night: Dos Santos vs. Tuivasa,UFC Fight Night,"Adelaide, South Australia, Australia"
140,http://ufcstats.com/event-details/c7ac79839e86ce33,c7ac79839e86ce33,"November 30, 2018",The Ultimate Fighter: Heavy Hitters Finale,The Ultimate Fighter,"Las Vegas, Nevada, USA"
141,http://ufcstats.com/event-details/de25520d54eab12d,de25520d54eab12d,"November 24, 2018",UFC Fight Night: Blaydes vs. Ngannou 2,UFC Fight Night,"Beijing, China"
142,http://ufcstats.com/event-details/aa3153a9941b4d44,aa3153a9941b4d44,"November 17, 2018",UFC Fight Night: Magny vs. Ponzinibbio,UFC Fight Night,"Buenos Aires, Buenos Aires, Argentina"
143,http://ufcstats.com/event-details/42c96a9c4802e2e1,42c96a9c4802e2e1,"November 10, 2018",UFC Fight Night: Korean Zombie vs. Rodriguez,UFC Fight Night,"Denver, Colorado, USA"
144,http://ufcstats.com/event-details/20821819c401ced8,20821819c401ced8,"November 03, 2018",UFC 230: Cormier vs. Lewis,UFC 230,"New York City, New York, USA"
145,http://ufcstats.com/event-details/33a331684283900f,33a331684283900f,"October 27, 2018",UFC Fight Night: Oezdemir vs. Smith,UFC Fight Night,"Moncton, New Brunswick, Canada"
146,http://ufcstats.com/event-details/1ef0eae31904e534,1ef0eae31904e534,"October 06, 2018",UFC 229: Khabib vs. McGregor,UFC 229,"Las Vegas, Nevada, USA"
147,http://ufcstats.com/event-details/852454c572675334,852454c572675334,"September 22, 2018",UFC Fight Night: Marreta vs. Anders,UFC Fight Night,"Sao Paulo, Sao Paulo, Brazil"
148,http://ufcstats.com/event-details/8d49545dadf9b919,8d49545dadf9b919,"September 15, 2018",UFC Fight Night: Hunt vs. Oleinik,UFC Fight Night,"Moscow, Moscow, Russia"
149,http://ufcstats.com/event-details/d5ae8074631762fc,d5ae8074631762fc,"September 08, 2018",UFC 228: Woodley vs. Till,UFC 228,"Dallas, Texas, USA"
150,http://ufcstats.com/event-details/c0342805a1948cbb,c0342805a1948cbb,"August 25, 2018",UFC Fight Night: Gaethje vs. Vick,UFC Fight Night,"Lincoln, Nebraska, USA"
151,http://ufcstats.com/event-details/03b1e846b09f721d,03b1e846b09f721d,"August 04, 2018",UFC 227: Dillashaw vs. Garbrandt 2,UFC 227,"Los Angeles, California, USA"
152,http://ufcstats.com/event-details/322a56923b396b4d,322a56923b396b4d,"July 28, 2018",UFC Fight Night: Alvarez vs. Poirier 2,UFC Fight Night,"Calgary, Alberta, Canada"
153,http://ufcstats.com/event-details/4f732e58ed907eff,4f732e58ed907eff,"July 22, 2018",UFC Fight Night: Shogun vs. Smith,UFC Fight Night,"Hamburg, Hamburg, Germany"
154,http://ufcstats.com/event-details/b45d6b73f4ca4467,b45d6b73f4ca4467,"July 14, 2018",UFC Fight Night: Dos Santos vs. Ivanov,UFC Fight Night,"Boise, Idaho, USA"
155,http://ufcstats.com/event-details/35585d970300d45a,35585d970300d45a,"July 07, 2018",UFC 226: Miocic vs. Cormier,UFC 226,"Las Vegas, Nevada, USA"
156,http://ufcstats.com/event-details/8215e4fe24e8e81b,8215e4fe24e8e81b,"July 06, 2018",The Ultimate Fighter: Undefeated Finale,The Ultimate Fighter,"Las Vegas, Nevada, USA"
157,http://ufcstats.com/event-details/ac5f67109accb482,ac5f67109accb482,"June 23, 2018",UFC Fight Night: Cowboy vs. Edwards,UFC Fight Night,"Kallang, Singapore"
158,http://ufcstats.com/event-details/2eae41f61776c60f,2eae41f61776c60f,"June 09, 2018",UFC 225: Whittaker vs. Romero 2,UFC 225,"Chicago, Illinois, USA"
159,http://ufcstats.com/event-details/d29b5c4f22c6357d,d29b5c4f22c6357d,"June 01, 2018",UFC Fight Night: Rivera vs. Moraes,UFC Fight Night,"Utica, New York, USA"
160,http://ufcstats.com/event-details/f5990c11974d8e9c,f5990c11974d8e9c,"May 27, 2018",UFC Fight Night: Thompson vs. Till,UFC Fight Night,"Liverpool, England, United Kingdom"
161,http://ufcstats.com/event-details/3144121470023e9a,3144121470023e9a,"May 19, 2018",UFC Fight Night: Maia vs. Usman,UFC Fight Night,"Santiago, Chile"
162,http://ufcstats.com/event-details/67ec58d7cf599835,67ec58d7cf599835,"May 12, 2018",UFC 224: Nunes vs. Pennington,UFC 224,"Rio de Janeiro, Rio de Janeiro, Brazil"
163,http://ufcstats.com/event-details/ad99fa5325519169,ad99fa5325519169,"April 21, 2018",UFC Fight Night: Barboza vs. Lee,UFC Fight Night,"Atlantic City, New Jersey, USA"
164,http://ufcstats.com/event-details/620be7e0712d431b,620be7e0712d431b,"April 14, 2018",UFC Fight Night: Poirier vs. Gaethje,UFC Fight Night,"Glendale, Arizona, USA"
165,http://ufcstats.com/event-details/49e7e05f902479ca,49e7e05f902479ca,"April 07, 2018",UFC 223: Khabib vs. Iaquinta,UFC 223,"Brooklyn, New York, USA"
166,http://ufcstats.com/event-details/eed2b71d77d95416,eed2b71d77d95416,"March 17, 2018",UFC Fight Night: Werdum vs. Volkov,UFC Fight Night,"London, England, United Kingdom"
167,http://ufcstats.com/event-details/7929be8290289a47,7929be8290289a47,"March 03, 2018",UFC 222: Cyborg vs. Kunitskaya,UFC 222,"Las Vegas, Nevada, USA"
168,http://ufcstats.com/event-details/daa89f01e1c0f42a,daa89f01e1c0f42a,"February 24, 2018",UFC Fight Night: Emmett vs. Stephens,UFC Fight Night,"Orlando, Florida, USA"
169,http://ufcstats.com/event-details/d181689653115b6a,d181689653115b6a,"February 18, 2018",UFC Fight Night: Cerrone vs. Medeiros,UFC Fight Night,"Austin, Texas, USA"
170,http://ufcstats.com/event-details/15515e797aedc137,15515e797aedc137,"February 10, 2018",UFC 221: Romero vs. Rockhold,UFC 221,"Perth, Western Australia, Australia"
171,http://ufcstats.com/event-details/7cf20446453f852b,7cf20446453f852b,"February 03, 2018",UFC Fight Night: Machida vs. Anders,UFC Fight Night,"Belem, Para, Brazil"
172,http://ufcstats.com/event-details/602bb270f2bdbf02,602bb270f2bdbf02,"January 27, 2018",UFC Fight Night: Jacare vs. Brunson 2,UFC Fight Night,"Charlotte, North Carolina, USA"
173,http://ufcstats.com/event-details/02177caefe7c07d4,02177caefe7c07d4,"January 20, 2018",UFC 220: Miocic vs. Ngannou,UFC 220,"Boston, Massachusetts, USA"
174,http://ufcstats.com/event-details/fc1868f56d3036eb,fc1868f56d3036eb,"January 14, 2018",UFC Fight Night: Stephens vs. Choi,UFC Fight Night,"St. Louis, Missouri, USA"
175,http://ufcstats.com/event-details/04076783ca83d6ae,04076783ca83d6ae,"December 30, 2017",UFC 219: Cyborg vs. Holm,UFC 219,"Las Vegas, Nevada, USA"
176,http://ufcstats.com/event-details/eaa0a728cc91ef60,eaa0a728cc91ef60,"December 16, 2017",UFC Fight Night: Lawler vs. Dos Anjos,UFC Fight Night,"Winnipeg, Manitoba, Canada"
177,http://ufcstats.com/event-details/bcd124bcd3d5be46,bcd124bcd3d5be46,"December 09, 2017",UFC Fight Night: Swanson vs. Ortega,UFC Fight Night,"Fresno, California, USA"
178,http://ufcstats.com/event-details/9e30f69cc0869301,9e30f69cc0869301,"December 02, 2017",UFC 218: Holloway vs. Aldo 2,UFC 218,"Detroit, Michigan, USA"
179,http://ufcstats.com/event-details/30e8b4505f5ccf92,30e8b4505f5ccf92,"December 01, 2017",The Ultimate Fighter: A New World Champion Finale,The Ultimate Fighter,"Las Vegas, Nevada, USA"
180,http://ufcstats.com/event-details/e7bc606d269896aa,e7bc606d269896aa,"November 25, 2017",UFC Fight Night: Bisping vs. Gastelum,UFC Fight Night,"Shanghai, Hebei, China"
181,http://ufcstats.com/event-details/caced97768818230,caced97768818230,"November 18, 2017",UFC Fight Night: Werdum vs. Tybura,UFC Fight Night,"Sydney, New South Wales, Australia"
182,http://ufcstats.com/event-details/d856a0080ac09ed7,d856a0080ac09ed7,"November 11, 2017",UFC Fight Night: Poirier vs. Pettis,UFC Fight Night,"Norfolk, Virginia, USA"
183,http://ufcstats.com/event-details/a25b71fe5e31fa97,a25b71fe5e31fa97,"November 04, 2017",UFC 217: Bisping vs. St-Pierre,UFC 217,"New York City, New York, USA"
184,http://ufcstats.com/event-details/a7724f51e32e763e,a7724f51e32e763e,"October 28, 2017",UFC Fight Night: Brunson vs. Machida,UFC Fight Night,"Sao Paulo, Sao Paulo, Brazil"
185,http://ufcstats.com/event-details/d6b68eaf4b68b160,d6b68eaf4b68b160,"October 21, 2017",UFC Fight Night: Cerrone vs. Till,UFC Fight Night,"Gdansk, Poland"
186,http://ufcstats.com/event-details/cc5834a495d1ea08,cc5834a495d1ea08,"October 07, 2017",UFC 216: Ferguson vs. Lee,UFC 216,"Las Vegas, Nevada, USA"
187,http://ufcstats.com/event-details/9211aae062b799d6,9211aae062b799d6,"September 22, 2017",UFC Fight Night: Saint Preux vs. Okami,UFC Fight Night,"Saitama, Saitama, Japan"
188,http://ufcstats.com/event-details/1979c80150f630c4,1979c80150f630c4,"September 16, 2017",UFC Fight Night: Rockhold vs. Branch,UFC Fight Night,"Pittsburgh, Pennsylvania, USA"
189,http://ufcstats.com/event-details/d86e913c548c07c2,d86e913c548c07c2,"September 09, 2017",UFC 215: Nunes vs Shevchenko 2,UFC 215,"Edmonton, Alberta, Canada"
190,http://ufcstats.com/event-details/a3244e3238541482,a3244e3238541482,"September 02, 2017",UFC Fight Night: Volkov vs. Struve,UFC Fight Night,"Rotterdam, Zuid-Holland, Netherlands"
191,http://ufcstats.com/event-details/f4a031ac205ac580,f4a031ac205ac580,"August 05, 2017",UFC Fight Night: Pettis vs. Moreno,UFC Fight Night,"Mexico City, Distrito Federal, Mexico"
192,http://ufcstats.com/event-details/ff9578cdbfabd323,ff9578cdbfabd323,"July 29, 2017",UFC 214: Cormier vs. Jones 2,UFC 214,"Anaheim, California, USA"
193,http://ufcstats.com/event-details/9f3d6ddef3d3cccc,9f3d6ddef3d3cccc,"July 22, 2017",UFC Fight Night: Weidman vs. Gastelum,UFC Fight Night,"Uniondale, New York, USA"
194,http://ufcstats.com/event-details/d7907a9a968e4d29,d7907a9a968e4d29,"July 16, 2017",UFC Fight Night: Nelson vs. Ponzinibbio,UFC Fight Night,"Glasgow, Scotland, United Kingdom"
195,http://ufcstats.com/event-details/686cccbf1a4de453,686cccbf1a4de453,"July 08, 2017",UFC 213: Romero vs. Whittaker,UFC 213,"Las Vegas, Nevada, USA"
196,http://ufcstats.com/event-details/23bd78c3f89bdb54,23bd78c3f89bdb54,"July 07, 2017",The Ultimate Fighter: Redemption Finale,The Ultimate Fighter,"Las Vegas, Nevada, USA"
197,http://ufcstats.com/event-details/99bf06f20491cb54,99bf06f20491cb54,"June 25, 2017",UFC Fight Night: Chiesa vs. Lee,UFC Fight Night,"Oklahoma City, Oklahoma, USA"
198,http://ufcstats.com/event-details/353de740bb6c7e75,353de740bb6c7e75,"June 17, 2017",UFC Fight Night: Holm vs. Correia,UFC Fight Night,"Kallang, Singapore"
199,http://ufcstats.com/event-details/90e7447d8b7f3f35,90e7447d8b7f3f35,"June 10, 2017",UFC Fight Night: Lewis vs. Hunt,UFC Fight Night,"Auckland, New Zealand"
200,http://ufcstats.com/event-details/1507214bbc7a79e2,1507214bbc7a79e2,"June 03, 2017",UFC 212: Aldo vs. Holloway,UFC 212,"Rio de Janeiro, Rio de Janeiro, Brazil"
201,http://ufcstats.com/event-details/1c7cce2f5c17160d,1c7cce2f5c17160d,"May 28, 2017",UFC Fight Night: Gustafsson vs. Teixeira,UFC Fight Night,"Stockholm, Sweden"
202,http://ufcstats.com/event-details/5df10509264586e5,5df10509264586e5,"May 13, 2017",UFC 211: Miocic vs. Dos Santos,UFC 211,"Dallas, Texas, USA"
203,http://ufcstats.com/event-details/bc7f7f0ba3db74d2,bc7f7f0ba3db74d2,"April 22, 2017",UFC Fight Night: Swanson vs. Lobov,UFC Fight Night,"Nashville, Tennessee, USA"
204,http://ufcstats.com/event-details/ed069a95aaaf4f56,ed069a95aaaf4f56,"April 15, 2017",UFC on FOX: Johnson vs. Reis,UFC on FOX,"Kansas City, Missouri, USA"
205,http://ufcstats.com/event-details/e7bfdb5e0112891e,e7bfdb5e0112891e,"April 08, 2017",UFC 210: Cormier vs. Johnson 2,UFC 210,"Buffalo, New York, USA"
206,http://ufcstats.com/event-details/c0231720fe516994,c0231720fe516994,"March 18, 2017",UFC Fight Night: Manuwa vs. Anderson,UFC Fight Night,"London, England, United Kingdom"
207,http://ufcstats.com/event-details/47b7e4e60813b7b2,47b7e4e60813b7b2,"March 11, 2017",UFC Fight Night: Belfort vs. Gastelum,UFC Fight Night,"Fortaleza, Ceara, Brazil"
208,http://ufcstats.com/event-details/20e403a1acfef130,20e403a1acfef130,"March 04, 2017",UFC 209: Woodley vs. Thompson 2,UFC 209,"Las Vegas, Nevada, USA"
209,http://ufcstats.com/event-details/b4ad3a06ee4d660c,b4ad3a06ee4d660c,"February 19, 2017",UFC Fight Night: Lewis vs. Browne,UFC Fight Night,"Halifax, Nova Scotia, Canada"
210,http://ufcstats.com/event-details/865aa315ea62c511,865aa315ea62c511,"February 11, 2017",UFC 208: Holm vs. De Randamie,UFC 208,"Brooklyn, New York, USA"
211,http://ufcstats.com/event-details/6a8a06b542e1516d,6a8a06b542e1516d,"February 04, 2017",UFC Fight Night: Bermudez vs. The Korean Zombie,UFC Fight Night,"Houston, Texas, USA"
212,http://ufcstats.com/event-details/4512e46543b960ad,4512e46543b960ad,"January 28, 2017",UFC on FOX: Shevchenko vs. Pena,UFC on FOX,"Denver, Colorado, USA"
213,http://ufcstats.com/event-details/46effbd1135423c5,46effbd1135423c5,"January 15, 2017",UFC Fight Night: Rodriguez vs. Penn,UFC Fight Night,"Phoenix, Arizona, USA"
214,http://ufcstats.com/event-details/4b2390cfaceb91d8,4b2390cfaceb91d8,"December 30, 2016",UFC 207: Nunes vs. Rousey,UFC 207,"Las Vegas, Nevada, USA"
215,http://ufcstats.com/event-details/32541eb5d12668b4,32541eb5d12668b4,"December 17, 2016",UFC on FOX: VanZant vs. Waterson,UFC on FOX,"Sacramento, California, USA"
216,http://ufcstats.com/event-details/6e3282d57d2467a0,6e3282d57d2467a0,"December 10, 2016",UFC 206: Holloway vs. Pettis,UFC 206,"Toronto, Ontario, Canada"
217,http://ufcstats.com/event-details/7139cd2ae4bf6a29,7139cd2ae4bf6a29,"December 09, 2016",UFC Fight Night: Lewis vs. Abdurakhimov,UFC Fight Night,"Albany, New York, USA"
218,http://ufcstats.com/event-details/bd4389b71fdc0ce2,bd4389b71fdc0ce2,"December 03, 2016",The Ultimate Fighter: Tournament of Champions Finale,The Ultimate Fighter,"Las Vegas, Nevada, USA"
219,http://ufcstats.com/event-details/73e09f837f3b5ecc,73e09f837f3b5ecc,"November 26, 2016",UFC Fight Night: Whittaker vs. Brunson,UFC Fight Night,"Melbourne, Victoria, Australia"
220,http://ufcstats.com/event-details/5cde96e0a1a1fffe,5cde96e0a1a1fffe,"November 19, 2016",UFC Fight Night: Bader vs. Nogueira,UFC Fight Night,"Sao Paulo, Sao Paulo, Brazil"
221,http://ufcstats.com/event-details/6810d8d2dd557cf9,6810d8d2dd557cf9,"November 19, 2016",UFC Fight Night: Mousasi vs. Hall 2,UFC Fight Night,"Belfast, Northern Ireland, United Kingdom"
222,http://ufcstats.com/event-details/4956f60b7fa57c1a,4956f60b7fa57c1a,"November 12, 2016",UFC 205: Alvarez vs McGregor,UFC 205,"New York City, New York, USA"
223,http://ufcstats.com/event-details/6083f497c22cc075,6083f497c22cc075,"November 05, 2016",UFC Fight Night: Dos Anjos vs. Ferguson,UFC Fight Night,"Mexico City, Distrito Federal, Mexico"
224,http://ufcstats.com/event-details/154a6b3ffae264cd,154a6b3ffae264cd,"October 08, 2016",UFC 204: Bisping vs. Henderson,UFC 204,"Manchester, England, United Kingdom"
225,http://ufcstats.com/event-details/a196332ee4aa8a82,a196332ee4aa8a82,"October 01, 2016",UFC Fight Night: Lineker vs. Dodson,UFC Fight Night,"Portland, Oregon, USA"
226,http://ufcstats.com/event-details/e18012194473e8b0,e18012194473e8b0,"September 24, 2016",UFC Fight Night: Cyborg vs. Lansberg,UFC Fight Night,"Brasilia, Distrito Federal, Brazil"
227,http://ufcstats.com/event-details/d6455cb4bee503ce,d6455cb4bee503ce,"September 17, 2016",UFC Fight Night: Poirier vs. Johnson,UFC Fight Night,"Hidalgo, Texas, USA"
228,http://ufcstats.com/event-details/2dc7f1762dc0a7ef,2dc7f1762dc0a7ef,"September 10, 2016",UFC 203: Miocic vs. Overeem,UFC 203,"Cleveland, Ohio, USA"
229,http://ufcstats.com/event-details/2b4faacc16d66898,2b4faacc16d66898,"September 03, 2016",UFC Fight Night: Arlovski vs. Barnett,UFC Fight Night,"Hamburg, Hamburg, Germany"
230,http://ufcstats.com/event-details/cfbccfed4e4796fe,cfbccfed4e4796fe,"August 27, 2016",UFC on FOX: Maia vs. Condit,UFC on FOX,"Vancouver, British Columbia, Canada"
231,http://ufcstats.com/event-details/5da4e8dc02e50ac0,5da4e8dc02e50ac0,"August 20, 2016",UFC 202: Diaz vs. McGregor 2,UFC 202,"Las Vegas, Nevada, USA"
232,http://ufcstats.com/event-details/232c582f29f8f65e,232c582f29f8f65e,"August 06, 2016",UFC Fight Night: Rodriguez vs. Caceres,UFC Fight Night,"Salt Lake City, Utah, USA"
233,http://ufcstats.com/event-details/72cbe507644a587c,72cbe507644a587c,"July 30, 2016",UFC 201: Lawler vs. Woodley,UFC 201,"Atlanta, Georgia, USA"
234,http://ufcstats.com/event-details/8a028648f3f0761d,8a028648f3f0761d,"July 23, 2016",UFC on FOX: Holm vs. Shevchenko,UFC on FOX,"Chicago, Illinois, USA"
235,http://ufcstats.com/event-details/5e7a28f20927d64a,5e7a28f20927d64a,"July 13, 2016",UFC Fight Night: McDonald vs. Lineker,UFC Fight Night,"Sioux Falls, South Dakota, USA"
236,http://ufcstats.com/event-details/aa5b4eff51bdc7d1,aa5b4eff51bdc7d1,"July 09, 2016",UFC 200: Tate vs Nunes,UFC 200,"Las Vegas, Nevada, USA"
237,http://ufcstats.com/event-details/cd42bbe8887bba90,cd42bbe8887bba90,"July 08, 2016",The Ultimate Fighter: Team Joanna vs. Team Cláudia Finale,The Ultimate Fighter,"Las Vegas, Nevada, USA"
238,http://ufcstats.com/event-details/45a2ba3ef82b9700,45a2ba3ef82b9700,"July 07, 2016",UFC Fight Night: Dos Anjos vs. Alvarez,UFC Fight Night,"Las Vegas, Nevada, USA"
239,http://ufcstats.com/event-details/563d051c9e769b24,563d051c9e769b24,"June 18, 2016",UFC Fight Night: MacDonald vs Thompson,UFC Fight Night,"Ottawa, Ontario, Canada"
240,http://ufcstats.com/event-details/ff4c3ab594c7fac3,ff4c3ab594c7fac3,"June 04, 2016",UFC 199: Rockhold vs. Bisping 2,UFC 199,"Los Angeles, California, USA"
241,http://ufcstats.com/event-details/990060b2a68a7b82,990060b2a68a7b82,"May 29, 2016",UFC Fight Night: Almeida vs Garbrandt,UFC Fight Night,"Las Vegas, Nevada, USA"
242,http://ufcstats.com/event-details/a4bf17bd3ba3423b,a4bf17bd3ba3423b,"May 14, 2016",UFC 198: Werdum vs Miocic,UFC 198,"Curitiba, Parana, Brazil"
243,http://ufcstats.com/event-details/a314687f372b2cec,a314687f372b2cec,"May 08, 2016",UFC Fight Night: Overeem vs Arlovski,UFC Fight Night,"Rotterdam, Zuid-Holland, Netherlands"
244,http://ufcstats.com/event-details/3d481aa374c954a1,3d481aa374c954a1,"April 23, 2016",UFC 197: Jones vs Saint Preux,UFC 197,"Las Vegas, Nevada, USA"
245,http://ufcstats.com/event-details/e7e970d508529bf3,e7e970d508529bf3,"April 16, 2016",UFC on FOX: Teixeira vs Evans,UFC on FOX,"Tampa, Florida, USA"
246,http://ufcstats.com/event-details/4887e5bc4dbb73ff,4887e5bc4dbb73ff,"April 10, 2016",UFC Fight Night: Rothwell vs Dos Santos,UFC Fight Night,"Zagreb, Croatia"
247,http://ufcstats.com/event-details/e60201cfab7d656d,e60201cfab7d656d,"March 19, 2016",UFC Fight Night: Hunt vs Mir,UFC Fight Night,"Brisbane, Queensland, Australia"
248,http://ufcstats.com/event-details/db1f2ed63b54b9a7,db1f2ed63b54b9a7,"March 05, 2016",UFC 196: McGregor vs Diaz,UFC 196,"Las Vegas, Nevada, USA"
249,http://ufcstats.com/event-details/39c568f8c579913e,39c568f8c579913e,"February 27, 2016",UFC Fight Night: Silva vs Bisping,UFC Fight Night,"London, England, United Kingdom"
250,http://ufcstats.com/event-details/d56bb6dff2ae77eb,d56bb6dff2ae77eb,"February 21, 2016",UFC Fight Night: Cowboy vs Cowboy,UFC Fight Night,"Pittsburgh, Pennsylvania, USA"
251,http://ufcstats.com/event-details/de99da2c0d18d34a,de99da2c0d18d34a,"February 06, 2016",UFC Fight Night: Hendricks vs Thompson,UFC Fight Night,"Las Vegas, Nevada, USA"
252,http://ufcstats.com/event-details/b3fb8d2293e17a59,b3fb8d2293e17a59,"January 30, 2016",UFC on FOX: Johnson vs. Bader,UFC on FOX,"Newark, New Jersey, USA"
253,http://ufcstats.com/event-details/c6becb722706c7d8,c6becb722706c7d8,"January 17, 2016",UFC Fight Night: Dillashaw vs Cruz,UFC Fight Night,"Boston, Massachusetts, USA"
254,http://ufcstats.com/event-details/380e8b023290d091,380e8b023290d091,"January 02, 2016",UFC 195: Lawler vs Condit,UFC 195,"Las Vegas, Nevada, USA"
255,http://ufcstats.com/event-details/80d918336163b80c,80d918336163b80c,"December 19, 2015",UFC on FOX: Dos Anjos vs. Cowboy 2,UFC on FOX,"Orlando, Florida, USA"
256,http://ufcstats.com/event-details/354808cf38d9d73c,354808cf38d9d73c,"December 12, 2015",UFC 194: Aldo vs McGregor,UFC 194,"Las Vegas, Nevada, USA"
257,http://ufcstats.com/event-details/20fbff570c678e1c,20fbff570c678e1c,"December 11, 2015",The Ultimate Fighter: Team McGregor vs. Team Faber Finale,The Ultimate Fighter,"Las Vegas, Nevada, USA"
258,http://ufcstats.com/event-details/dd39f1ca787a3d9d,dd39f1ca787a3d9d,"December 10, 2015",UFC Fight Night: Namajunas vs. VanZant,UFC Fight Night,"Las Vegas, Nevada, USA"
259,http://ufcstats.com/event-details/4d636c3aa1105950,4d636c3aa1105950,"November 28, 2015",UFC Fight Night: Henderson vs Masvidal,UFC Fight Night,"Seoul, South Korea"
260,http://ufcstats.com/event-details/243b07fc65ccbb16,243b07fc65ccbb16,"November 21, 2015",UFC Fight Night: Magny vs Gastelum,UFC Fight Night,"Monterrey, Nuevo Leon, Mexico"
261,http://ufcstats.com/event-details/8d04923f2db59b7f,8d04923f2db59b7f,"November 14, 2015",UFC 193: Rousey vs Holm,UFC 193,"Melbourne, Victoria, Australia"
262,http://ufcstats.com/event-details/5345f86680378fc1,5345f86680378fc1,"November 07, 2015",UFC Fight Night: Belfort vs Henderson 3,UFC Fight Night,"Sao Paulo, Sao Paulo, Brazil"
263,http://ufcstats.com/event-details/f3155a94ca420126,f3155a94ca420126,"October 24, 2015",UFC Fight Night: Holohan vs Smolka,UFC Fight Night,"Dublin, Leinster, Ireland"
264,http://ufcstats.com/event-details/119ebea97e914dcf,119ebea97e914dcf,"October 03, 2015",UFC 192: Cormier vs Gustafsson,UFC 192,"Houston, Texas, USA"
265,http://ufcstats.com/event-details/a4dd5c9a75763295,a4dd5c9a75763295,"September 26, 2015",UFC Fight Night: Barnett vs Nelson,UFC Fight Night,"Saitama, Japan"
266,http://ufcstats.com/event-details/82f5c81f4e3c3eb5,82f5c81f4e3c3eb5,"September 05, 2015",UFC 191: Johnson vs Dodson 2,UFC 191,"Las Vegas, Nevada, USA"
267,http://ufcstats.com/event-details/2ce6541127b0e232,2ce6541127b0e232,"August 23, 2015",UFC Fight Night: Holloway vs Oliveira,UFC Fight Night,"Saskatoon, Saskatchewan, Canada"
268,http://ufcstats.com/event-details/b71667c778b6d9e5,b71667c778b6d9e5,"August 08, 2015",UFC Fight Night: Teixeira vs Saint Preux,UFC Fight Night,"Nashville, Tennessee, USA"
269,http://ufcstats.com/event-details/a9c45a8b21eabadc,a9c45a8b21eabadc,"August 01, 2015",UFC 190: Rousey vs Correia,UFC 190,"Rio de Janeiro, Rio de Janeiro, Brazil"
270,http://ufcstats.com/event-details/0c3838c8f7c620c2,0c3838c8f7c620c2,"July 25, 2015",UFC on FOX: Dillashaw vs. Barao II,UFC on FOX,"Chicago, Illinois, USA"
271,http://ufcstats.com/event-details/ef7fa30364cbe7f2,ef7fa30364cbe7f2,"July 18, 2015",UFC Fight Night: Bisping vs Leites,UFC Fight Night,"Glasgow, Scotland, United Kingdom"
272,http://ufcstats.com/event-details/36877f0e62b25b96,36877f0e62b25b96,"July 15, 2015",UFC Fight Night: Mir vs Duffee,UFC Fight Night,"San Diego, California, USA"
273,http://ufcstats.com/event-details/a890f9a791ed615d,a890f9a791ed615d,"July 12, 2015",The Ultimate Fighter: American Top Team vs. Blackzilians Finale,The Ultimate Fighter,"Las Vegas, Nevada, USA"
274,http://ufcstats.com/event-details/3be081c29bf734d9,3be081c29bf734d9,"July 11, 2015",UFC 189: Mendes vs McGregor,UFC 189,"Las Vegas, Nevada, USA"
275,http://ufcstats.com/event-details/86e388ed20761ad9,86e388ed20761ad9,"June 27, 2015",UFC Fight Night: Machida vs Romero,UFC Fight Night,"Hollywood, Florida, USA"
276,http://ufcstats.com/event-details/194fc025f9355db6,194fc025f9355db6,"June 20, 2015",UFC Fight Night: Jedrzejczyk vs Penne,UFC Fight Night,"Berlin, Berlin, Germany"
277,http://ufcstats.com/event-details/a58114c6dd0add64,a58114c6dd0add64,"June 13, 2015",UFC 188: Velasquez vs Werdum,UFC 188,"Mexico City, Distrito Federal, Mexico"
278,http://ufcstats.com/event-details/06dc1a58663579d2,06dc1a58663579d2,"June 06, 2015",UFC Fight Night: Boetsch vs Henderson,UFC Fight Night,"New Orleans, Louisiana, USA"
279,http://ufcstats.com/event-details/aae0897825336b1a,aae0897825336b1a,"May 30, 2015",UFC Fight Night: Condit vs Alves,UFC Fight Night,"Goiania, Goias, Brazil"
280,http://ufcstats.com/event-details/4f7e290e71d60f87,4f7e290e71d60f87,"May 23, 2015",UFC 187: Johnson vs Cormier,UFC 187,"Las Vegas, Nevada, USA"
281,http://ufcstats.com/event-details/b1605ea39fba6af6,b1605ea39fba6af6,"May 16, 2015",UFC Fight Night: Edgar vs Faber,UFC Fight Night,"Manila, Philippines"
282,http://ufcstats.com/event-details/8a1b4330c7957961,8a1b4330c7957961,"May 09, 2015",UFC Fight Night: Miocic vs Hunt,UFC Fight Night,"Adelaide, South Australia, Australia"
283,http://ufcstats.com/event-details/997b4f52f76a0b53,997b4f52f76a0b53,"April 25, 2015",UFC 186: Johnson vs Horiguchi,UFC 186,"Montreal, Quebec, Canada"
284,http://ufcstats.com/event-details/bc7cf284c1c2f16e,bc7cf284c1c2f16e,"April 18, 2015",UFC on FOX: Machida vs Rockhold,UFC on FOX,"Newark, New Jersey, USA"
285,http://ufcstats.com/event-details/5de61b03868035ff,5de61b03868035ff,"April 11, 2015",UFC Fight Night: Gonzaga vs Cro Cop 2,UFC Fight Night,"Krakow, Poland"
286,http://ufcstats.com/event-details/16d09e800ad7ec79,16d09e800ad7ec79,"April 04, 2015",UFC Fight Night: Mendes vs Lamas,UFC Fight Night,"Fairfax, Virginia, USA"
287,http://ufcstats.com/event-details/fa534853eb195270,fa534853eb195270,"March 21, 2015",UFC Fight Night: Maia vs LaFlare,UFC Fight Night,"Rio de Janeiro, Brazil"
288,http://ufcstats.com/event-details/f54200f1dfb9b5d4,f54200f1dfb9b5d4,"March 14, 2015",UFC 185: Pettis vs Dos Anjos,UFC 185,"Dallas, Texas, USA"
289,http://ufcstats.com/event-details/ad4e9055bf8cd04d,ad4e9055bf8cd04d,"February 28, 2015",UFC 184: Rousey vs Zingano,UFC 184,"Los Angeles, California, USA"
290,http://ufcstats.com/event-details/0577808d22dfe79c,0577808d22dfe79c,"February 22, 2015",UFC Fight Night: Bigfoot vs Mir,UFC Fight Night,"Porto Alegre, Rio Grande do Sul, Brazil"
291,http://ufcstats.com/event-details/f9c7fe2682af3802,f9c7fe2682af3802,"February 14, 2015",UFC Fight Night: Henderson vs Thatch,UFC Fight Night,"Broomfield, Colorado, USA"
292,http://ufcstats.com/event-details/43563a32c3f10e95,43563a32c3f10e95,"January 31, 2015",UFC 183: Silva vs Diaz,UFC 183,"Las Vegas, Nevada, USA"
293,http://ufcstats.com/event-details/706404da0775dcbc,706404da0775dcbc,"January 24, 2015",UFC on FOX: Gustafsson vs Johnson,UFC on FOX,"Stockholm, Sweden"
294,http://ufcstats.com/event-details/f9aa6376ae16bfb4,f9aa6376ae16bfb4,"January 18, 2015",UFC Fight Night: McGregor vs Siver,UFC Fight Night,"Boston, Massachusetts, USA"
295,http://ufcstats.com/event-details/a72d260b436924c4,a72d260b436924c4,"January 03, 2015",UFC 182: Jones vs Cormier,UFC 182,"Las Vegas, Nevada, USA"
296,http://ufcstats.com/event-details/4e5bbc4566049cbf,4e5bbc4566049cbf,"December 20, 2014",UFC Fight Night: Machida vs Dollaway,UFC Fight Night,"Barueri, Sao Paulo, Brazil"
297,http://ufcstats.com/event-details/d4a12dfa4067742f,d4a12dfa4067742f,"December 13, 2014",UFC on FOX: Dos Santos vs Miocic,UFC on FOX,"Phoenix, Arizona, USA"
298,http://ufcstats.com/event-details/222d6b547de2e035,222d6b547de2e035,"December 12, 2014",The Ultimate Fighter: A Champion Will Be Crowned Finale,The Ultimate Fighter,"Las Vegas, Nevada, USA"
299,http://ufcstats.com/event-details/dfdd0c5dd0d4bc23,dfdd0c5dd0d4bc23,"December 06, 2014",UFC 181: Hendricks vs Lawler II,UFC 181,"Las Vegas, Nevada, USA"
300,http://ufcstats.com/event-details/155a02a8b4311057,155a02a8b4311057,"November 22, 2014",UFC Fight Night: Edgar vs Swanson,UFC Fight Night,"Austin, Texas, USA"
301,http://ufcstats.com/event-details/59851163aaf1aed8,59851163aaf1aed8,"November 15, 2014",UFC 180: Werdum vs Hunt,UFC 180,"Mexico City, Distrito Federal, Mexico"
302,http://ufcstats.com/event-details/6ca68b636fbc1f18,6ca68b636fbc1f18,"November 08, 2014",UFC Fight Night 56: Shogun vs Saint Preux,UFC Fight Night 56,"Uberlandia, Minas Gerais, Brazil"
303,http://ufcstats.com/event-details/371a1c91b24dec2b,371a1c91b24dec2b,"November 07, 2014",UFC Fight Night: Rockhold vs Bisping,UFC Fight Night,"Sydney, New South Wales, Australia"
304,http://ufcstats.com/event-details/53f02bbc41d99432,53f02bbc41d99432,"October 25, 2014",UFC 179: Aldo vs Mendes 2,UFC 179,"Rio de Janeiro, Brazil"
305,http://ufcstats.com/event-details/0313bf497de9c470,0313bf497de9c470,"October 04, 2014",UFC Fight Night: MacDonald vs Saffiedine,UFC Fight Night,"Halifax, Nova Scotia, Canada"
306,http://ufcstats.com/event-details/8dc4f34c1f50d00d,8dc4f34c1f50d00d,"October 04, 2014",UFC Fight Night: Nelson vs Story,UFC Fight Night,"Stockholm, Sweden"
307,http://ufcstats.com/event-details/3bb030257966b022,3bb030257966b022,"September 27, 2014",UFC 178: Johnson vs Cariaso,UFC 178,"Las Vegas, Nevada, USA"
308,http://ufcstats.com/event-details/2dea80c069847321,2dea80c069847321,"September 20, 2014",UFC Fight Night: Hunt vs Nelson,UFC Fight Night,"Saitama, Japan"
309,http://ufcstats.com/event-details/a71feb7ea7592a71,a71feb7ea7592a71,"September 13, 2014",UFC Fight Night: Bigfoot vs Arlovski,UFC Fight Night,"Brasilia, Distrito Federal, Brazil"
310,http://ufcstats.com/event-details/9bcfb40dbcd50568,9bcfb40dbcd50568,"September 05, 2014",UFC Fight Night: Jacare vs Mousasi,UFC Fight Night,"Ledyard, Connecticut, USA"
311,http://ufcstats.com/event-details/269d103c96a4c3a5,269d103c96a4c3a5,"August 30, 2014",UFC 177: Dillashaw vs Soto,UFC 177,"Sacramento, California, USA"
312,http://ufcstats.com/event-details/063649e21bc9d6d5,063649e21bc9d6d5,"August 23, 2014",UFC Fight Night: Henderson vs Dos Anjos,UFC Fight Night,"Tulsa, Oklahoma, USA"
313,http://ufcstats.com/event-details/770b9d4813c25902,770b9d4813c25902,"August 23, 2014",UFC Fight Night: Bisping vs Le,UFC Fight Night,"Macau, China"
314,http://ufcstats.com/event-details/fd7acf42bd6e7e95,fd7acf42bd6e7e95,"August 16, 2014",UFC Fight Night: Bader vs Saint Preux,UFC Fight Night,"Bangor, Maine, USA"
315,http://ufcstats.com/event-details/05fbfe628658c538,05fbfe628658c538,"July 26, 2014",UFC on FOX: Lawler vs Brown,UFC on FOX,"San Jose, California, USA"
316,http://ufcstats.com/event-details/073eee4e62f0d988,073eee4e62f0d988,"July 19, 2014",UFC Fight Night: McGregor vs Brandao,UFC Fight Night,"Dublin, Leinster, Ireland"
317,http://ufcstats.com/event-details/79ded75550efc139,79ded75550efc139,"July 16, 2014",UFC Fight Night: Cowboy vs Miller,UFC Fight Night,"Atlantic City, New Jersey, USA"
318,http://ufcstats.com/event-details/1c5879330d42255f,1c5879330d42255f,"July 06, 2014",The Ultimate Fighter: Team Edgar vs. Team Penn Finale,The Ultimate Fighter,"Las Vegas, Nevada, USA"
319,http://ufcstats.com/event-details/53adf5b845d91e4a,53adf5b845d91e4a,"July 05, 2014",UFC 175: Weidman vs Machida,UFC 175,"Las Vegas, Nevada, USA"
320,http://ufcstats.com/event-details/c0ed7b208197e8de,c0ed7b208197e8de,"June 28, 2014",UFC Fight Night: Swanson vs Stephens,UFC Fight Night,"San Antonio, Texas, USA"
321,http://ufcstats.com/event-details/ac9521250dc1a14c,ac9521250dc1a14c,"June 28, 2014",UFC Fight Night: Te Huna vs Marquardt,UFC Fight Night,"Auckland, New Zealand"
322,http://ufcstats.com/event-details/5b5307450405abf0,5b5307450405abf0,"June 14, 2014",UFC 174: Johnson vs Bagautinov,UFC 174,"Vancouver, British Columbia, Canada"
323,http://ufcstats.com/event-details/1fcfc3709fe58151,1fcfc3709fe58151,"June 07, 2014",UFC Fight Night: Henderson vs Khabilov,UFC Fight Night,"Albuquerque, New Mexico, USA"
324,http://ufcstats.com/event-details/59aaf2730b84698a,59aaf2730b84698a,"May 31, 2014",UFC Fight Night: Miocic vs Maldonado,UFC Fight Night,"Sao Paulo, Brazil"
325,http://ufcstats.com/event-details/b757c73f443d4fca,b757c73f443d4fca,"May 31, 2014",UFC Fight Night: Munoz vs Mousasi,UFC Fight Night,"Berlin, Germany"
326,http://ufcstats.com/event-details/9ca265dfe8323db3,9ca265dfe8323db3,"May 24, 2014",UFC 173: Barao vs Dillashaw,UFC 173,"Las Vegas, Nevada, USA"
327,http://ufcstats.com/event-details/579fcdfcabd23a7b,579fcdfcabd23a7b,"May 10, 2014",UFC Fight Night: Brown vs Silva,UFC Fight Night,"Cincinnati, Ohio, USA"
328,http://ufcstats.com/event-details/4f2fcbefb668689d,4f2fcbefb668689d,"April 26, 2014",UFC 172: Jones vs Teixeira,UFC 172,"Baltimore, Maryland, USA"
329,http://ufcstats.com/event-details/a421465acbe59c77,a421465acbe59c77,"April 19, 2014",UFC on FOX: Werdum vs Browne,UFC on FOX,"Orlando, Florida, USA"
330,http://ufcstats.com/event-details/f9f07bb5a43535ed,f9f07bb5a43535ed,"April 16, 2014",UFC Fight Night: Bisping vs Kennedy,UFC Fight Night,"Quebec City, Quebec, Canada"
331,http://ufcstats.com/event-details/d632d156c0549e07,d632d156c0549e07,"April 11, 2014",UFC Fight Night: Minotauro vs Nelson,UFC Fight Night,"Abu Dhabi, United Arab Emirates"
332,http://ufcstats.com/event-details/d5f820c11a121050,d5f820c11a121050,"March 23, 2014",UFC Fight Night: Shogun vs Henderson 2,UFC Fight Night,"Natal, Rio Grande do Norte, Brazil"
333,http://ufcstats.com/event-details/179f1948dc234f1f,179f1948dc234f1f,"March 15, 2014",UFC 171: Hendricks vs Lawler,UFC 171,"Dallas, Texas, USA"
334,http://ufcstats.com/event-details/ebc1f40e00e0c481,ebc1f40e00e0c481,"March 08, 2014",UFC Fight Night: Gustafsson vs Manuwa,UFC Fight Night,"London, England, United Kingdom"
335,http://ufcstats.com/event-details/a26198ba5093147e,a26198ba5093147e,"March 01, 2014",UFC Fight Night: Kim vs Hathaway,UFC Fight Night,"Macau, China"
336,http://ufcstats.com/event-details/3138fab619faf4d1,3138fab619faf4d1,"February 22, 2014",UFC 170: Rousey vs McMann,UFC 170,"Las Vegas, Nevada, USA"
337,http://ufcstats.com/event-details/51b0bb73a1da34bc,51b0bb73a1da34bc,"February 15, 2014",UFC Fight Night: Machida vs Mousasi,UFC Fight Night,"Jaragua do Sul, Santa Catarina, Brazil"
338,http://ufcstats.com/event-details/fc31f896cde2bc2e,fc31f896cde2bc2e,"February 01, 2014",UFC 169: Barao vs Faber 2,UFC 169,"Newark, New Jersey, USA"
339,http://ufcstats.com/event-details/a8d521d913df4e31,a8d521d913df4e31,"January 25, 2014",UFC on FOX: Henderson vs Thomson,UFC on FOX,"Chicago, Illinois, USA"
340,http://ufcstats.com/event-details/30a09e43f15f1d75,30a09e43f15f1d75,"January 15, 2014",UFC Fight Night: Rockhold vs Philippou,UFC Fight Night,"Duluth, Georgia, USA"
341,http://ufcstats.com/event-details/e5c9de15bb58b1c6,e5c9de15bb58b1c6,"January 04, 2014",UFC Fight Night: Saffiedine vs Lim,UFC Fight Night,"Singapore, Singapore"
342,http://ufcstats.com/event-details/83d0de122f2f9664,83d0de122f2f9664,"December 28, 2013",UFC 168: Weidman vs Silva 2,UFC 168,"Las Vegas, Nevada, USA"
343,http://ufcstats.com/event-details/480b702debcb5433,480b702debcb5433,"December 14, 2013",UFC on FOX: Johnson vs. Benavidez 2,UFC on FOX,"Sacramento, California, USA"
344,http://ufcstats.com/event-details/ee457ef1e1c326c1,ee457ef1e1c326c1,"December 06, 2013",UFC Fight Night: Hunt vs Bigfoot,UFC Fight Night,"Brisbane, Queensland, Australia"
345,http://ufcstats.com/event-details/9a967e8e43dcef63,9a967e8e43dcef63,"November 30, 2013",The Ultimate Fighter: Team Rousey vs. Team Tate Finale,The Ultimate Fighter,"Las Vegas, Nevada, USA"
346,http://ufcstats.com/event-details/28f3c2258a1d8874,28f3c2258a1d8874,"November 16, 2013",UFC 167: St-Pierre vs Hendricks,UFC 167,"Las Vegas, Nevada, USA"
347,http://ufcstats.com/event-details/5d7c18191b8aa432,5d7c18191b8aa432,"November 09, 2013",UFC Fight Night: Belfort vs Henderson 2,UFC Fight Night,"Goiania, Goias, Brazil"
348,http://ufcstats.com/event-details/35dc6220b113b7ec,35dc6220b113b7ec,"November 06, 2013",UFC Fight Night: Fight for the Troops 3,UFC Fight Night,"Fort Campbell, Kentucky, USA"
349,http://ufcstats.com/event-details/60884f31ead1609c,60884f31ead1609c,"October 26, 2013",UFC Fight Night: Machida vs Munoz,UFC Fight Night,"Manchester, England, United Kingdom"
350,http://ufcstats.com/event-details/eae4aec1a5a8ff01,eae4aec1a5a8ff01,"October 19, 2013",UFC 166: Velasquez vs Dos Santos 3,UFC 166,"Houston, Texas, USA"
351,http://ufcstats.com/event-details/43612456979e5d5e,43612456979e5d5e,"October 09, 2013",UFC Fight Night: Maia vs Shields,UFC Fight Night,"Barueri, Sao Paulo, Brazil"
352,http://ufcstats.com/event-details/df5a77121ba84a5d,df5a77121ba84a5d,"September 21, 2013",UFC 165: Jones vs Gustafsson,UFC 165,"Toronto, Ontario, Canada"
353,http://ufcstats.com/event-details/b23fca14c7b79935,b23fca14c7b79935,"September 04, 2013",UFC Fight Night: Teixeira vs Bader,UFC Fight Night,"Belo Horizonte, Minas Gerais, Brazil"
354,http://ufcstats.com/event-details/980b4e712489098e,980b4e712489098e,"August 31, 2013",UFC 164: Henderson vs Pettis 2,UFC 164,"Milwaukee, Wisconsin, USA"
355,http://ufcstats.com/event-details/e5c38954c006f15c,e5c38954c006f15c,"August 28, 2013",UFC Fight Night: Condit vs Kampmann 2,UFC Fight Night,"Indianapolis, Indiana, USA"
356,http://ufcstats.com/event-details/cf1a88371c8cb690,cf1a88371c8cb690,"August 17, 2013",UFC Fight Night: Shogun vs Sonnen,UFC Fight Night,"Boston, Massachusetts, USA"
357,http://ufcstats.com/event-details/ebc5af72ad5a28cb,ebc5af72ad5a28cb,"August 03, 2013",UFC 163: Aldo vs Jung,UFC 163,"Rio de Janeiro, Brazil"
358,http://ufcstats.com/event-details/5330fe7e4c3af81c,5330fe7e4c3af81c,"July 27, 2013",UFC on FOX: Johnson vs Moraga,UFC on FOX,"Seattle, Washington, USA"
359,http://ufcstats.com/event-details/e0b74df14f52cd15,e0b74df14f52cd15,"July 06, 2013",UFC 162: Silva vs Weidman,UFC 162,"Las Vegas, Nevada, USA"
360,http://ufcstats.com/event-details/8fd1f27e86661ede,8fd1f27e86661ede,"June 15, 2013",UFC 161: Evans vs Henderson,UFC 161,"Winnipeg, Manitoba, Canada"
361,http://ufcstats.com/event-details/7865707fd684d77b,7865707fd684d77b,"June 08, 2013",UFC on FUEL TV: Nogueira vs. Werdum,UFC on FUEL TV,"Fortaleza, Ceara, Brazil"
362,http://ufcstats.com/event-details/3c241737a6069b9f,3c241737a6069b9f,"May 25, 2013",UFC 160: Velasquez vs Silva 2,UFC 160,"Las Vegas, Nevada, USA"
363,http://ufcstats.com/event-details/030f08370fd1c2bb,030f08370fd1c2bb,"May 18, 2013",UFC on FX: Belfort vs. Rockhold,UFC on FX,"Jaragua do Sul, Santa Catarina, Brazil"
364,http://ufcstats.com/event-details/ea0ad155451ed1f5,ea0ad155451ed1f5,"April 27, 2013",UFC 159: Jones vs Sonnen,UFC 159,"Newark, New Jersey, USA"
365,http://ufcstats.com/event-details/aa79d5399571068e,aa79d5399571068e,"April 20, 2013",UFC on FOX: Henderson vs Melendez,UFC on FOX,"San Jose, California, USA"
366,http://ufcstats.com/event-details/ce47f49e5c386a9c,ce47f49e5c386a9c,"April 13, 2013",The Ultimate Fighter: Team Jones vs. Team Sonnen Finale,The Ultimate Fighter,"Las Vegas, Nevada, USA"
367,http://ufcstats.com/event-details/6291ac0a3726732f,6291ac0a3726732f,"April 06, 2013",UFC on FUEL TV: Mousasi vs Latifi,UFC on FUEL TV,"Stockholm, Sweden"
368,http://ufcstats.com/event-details/f1b2a4365799c48b,f1b2a4365799c48b,"March 16, 2013",UFC 158: St-Pierre vs Diaz,UFC 158,"Montreal, Quebec, Canada"
369,http://ufcstats.com/event-details/83c6c3e0f8bde8ee,83c6c3e0f8bde8ee,"March 02, 2013",UFC on FUEL TV: Silva vs. Stann,UFC on FUEL TV,"Saitama, Japan"
370,http://ufcstats.com/event-details/09c44b317c98bf96,09c44b317c98bf96,"February 23, 2013",UFC 157: Rousey vs Carmouche,UFC 157,"Anaheim, California, USA"
371,http://ufcstats.com/event-details/4679a38cced7c64a,4679a38cced7c64a,"February 16, 2013",UFC on FUEL TV: Barao vs McDonald,UFC on FUEL TV,"London, England, United Kingdom"
372,http://ufcstats.com/event-details/601cf40c09090853,601cf40c09090853,"February 02, 2013",UFC 156: Aldo vs Edgar,UFC 156,"Las Vegas, Nevada, USA"
373,http://ufcstats.com/event-details/738acab0c6934dd8,738acab0c6934dd8,"January 26, 2013",UFC on FOX: Johnson vs Dodson,UFC on FOX,"Chicago, Illinois, USA"
374,http://ufcstats.com/event-details/56f4b81ec4db61af,56f4b81ec4db61af,"January 19, 2013",UFC on FX: Belfort vs Bisping,UFC on FX,"Sao Paulo, Brazil"
375,http://ufcstats.com/event-details/c6e6926a81adcd00,c6e6926a81adcd00,"December 29, 2012",UFC 155: Dos Santos vs Velasquez II,UFC 155,"Las Vegas, Nevada, USA"
376,http://ufcstats.com/event-details/c6da1c24fe473418,c6da1c24fe473418,"December 15, 2012",The Ultimate Fighter: Team Carwin vs. Team Nelson Finale,The Ultimate Fighter,"Las Vegas, Nevada, USA"
377,http://ufcstats.com/event-details/e8c170a64dc920ac,e8c170a64dc920ac,"December 14, 2012",UFC on FX: Sotiropoulos vs Pearson,UFC on FX,"Gold Coast, Queensland, Australia"
378,http://ufcstats.com/event-details/d1e6a6536ee62517,d1e6a6536ee62517,"December 08, 2012",UFC on FOX: Henderson vs Diaz,UFC on FOX,"Seattle, Washington, USA"
379,http://ufcstats.com/event-details/d41937647eae9a34,d41937647eae9a34,"November 17, 2012",UFC 154: St-Pierre vs Condit,UFC 154,"Montreal, Quebec, Canada"
380,http://ufcstats.com/event-details/319fa1bd3176bded,319fa1bd3176bded,"November 10, 2012",UFC Macao: Franklin vs Le,UFC Macao,"Macau, China"
381,http://ufcstats.com/event-details/96d173b7f92aa520,96d173b7f92aa520,"October 13, 2012",UFC 153: Silva vs Bonnar,UFC 153,"Rio de Janeiro, Brazil"
382,http://ufcstats.com/event-details/6a0b80a24f22e152,6a0b80a24f22e152,"October 05, 2012",UFC on FX: Browne vs Bigfoot,UFC on FX,"Minneapolis, Minnesota, USA"
383,http://ufcstats.com/event-details/6cbb7661c3258617,6cbb7661c3258617,"September 29, 2012",UFC on FUEL TV: Struve vs Miocic,UFC on FUEL TV,"Nottingham, England, United Kingdom"
384,http://ufcstats.com/event-details/53e533db1b8e9712,53e533db1b8e9712,"September 22, 2012",UFC 152: Jones vs Belfort,UFC 152,"Toronto, Ontario, Canada"
385,http://ufcstats.com/event-details/3c48019bc387b80c,3c48019bc387b80c,"August 11, 2012",UFC 150: Henderson vs Edgar II,UFC 150,"Denver, Colorado, USA"
386,http://ufcstats.com/event-details/f62850b3c7480db9,f62850b3c7480db9,"August 04, 2012",UFC on FOX: Shogun vs Vera,UFC on FOX,"Los Angeles, California, USA"
387,http://ufcstats.com/event-details/abbc4fc02e0d84b3,abbc4fc02e0d84b3,"July 21, 2012",UFC 149: Faber vs Barao,UFC 149,"Calgary, Alberta, Canada"
388,http://ufcstats.com/event-details/d3b5ad3b15a64a18,d3b5ad3b15a64a18,"July 11, 2012",UFC on FUEL TV: Munoz vs Weidman,UFC on FUEL TV,"San Jose, California, USA"
389,http://ufcstats.com/event-details/e8efeb9cf33b1941,e8efeb9cf33b1941,"July 07, 2012",UFC 148: Silva vs Sonnen 2,UFC 148,"Las Vegas, Nevada, USA"
390,http://ufcstats.com/event-details/3da19339ee7051d5,3da19339ee7051d5,"June 23, 2012",UFC 147: Silva vs Franklin 2,UFC 147,"Belo Horizonte, Minas Gerais, Brazil"
391,http://ufcstats.com/event-details/505934897b8b4824,505934897b8b4824,"June 22, 2012",UFC on FX: Maynard vs Guida,UFC on FX,"Atlantic City, New Jersey, USA"
392,http://ufcstats.com/event-details/49590e0508b2c19f,49590e0508b2c19f,"June 08, 2012",UFC on FX: Johnson vs McCall,UFC on FX,"Sunrise, Florida, USA"
393,http://ufcstats.com/event-details/96087e90d900f0ef,96087e90d900f0ef,"June 01, 2012",The Ultimate Fighter: Live Finale,The Ultimate Fighter,"Las Vegas, Nevada, USA"
394,http://ufcstats.com/event-details/4985113c0928aa62,4985113c0928aa62,"May 26, 2012",UFC 146: Dos Santos vs Mir,UFC 146,"Las Vegas, Nevada, USA"
395,http://ufcstats.com/event-details/8caca5857ce0e30b,8caca5857ce0e30b,"May 15, 2012",UFC on FUEL TV: Korean Zombie vs Poirier,UFC on FUEL TV,"Fairfax, Virginia, USA"
396,http://ufcstats.com/event-details/5898357a45a73674,5898357a45a73674,"May 05, 2012",UFC on FOX: Diaz vs Miller,UFC on FOX,"East Rutherford, New Jersey, USA"
397,http://ufcstats.com/event-details/155bfc7ed36622df,155bfc7ed36622df,"April 21, 2012",UFC 145: Jones vs Evans,UFC 145,"Atlanta, Georgia, USA"
398,http://ufcstats.com/event-details/21f2974fd08085e3,21f2974fd08085e3,"April 14, 2012",UFC on FUEL TV: Gustafsson vs Silva,UFC on FUEL TV,"Stockholm, Sweden"
399,http://ufcstats.com/event-details/b5ea750025697880,b5ea750025697880,"March 02, 2012",UFC on FX: Alves vs Kampmann,UFC on FX,"Sydney, New South Wales, Australia"
400,http://ufcstats.com/event-details/8377c5572cb356f3,8377c5572cb356f3,"February 25, 2012",UFC 144: Edgar vs Henderson,UFC 144,"Saitama, Japan"
401,http://ufcstats.com/event-details/0a97691039c4bbfb,0a97691039c4bbfb,"February 15, 2012",UFC on FUEL TV: Sanchez vs Ellenberger,UFC on FUEL TV,"Omaha, Nebraska, USA"
402,http://ufcstats.com/event-details/df2cf66d8c0123db,df2cf66d8c0123db,"February 04, 2012",UFC 143: Diaz vs Condit,UFC 143,"Las Vegas, Nevada, USA"
403,http://ufcstats.com/event-details/c3c23c99477c041b,c3c23c99477c041b,"January 28, 2012",UFC on FOX: Evans vs Davis,UFC on FOX,"Chicago, Illinois, USA"
404,http://ufcstats.com/event-details/4d74641fac830182,4d74641fac830182,"January 20, 2012",UFC on FX: Guillard vs Miller,UFC on FX,"Nashville, Tennessee, USA"
405,http://ufcstats.com/event-details/18524b46c570730b,18524b46c570730b,"January 14, 2012",UFC 142: Aldo vs Mendes,UFC 142,"Rio de Janeiro, Brazil"
406,http://ufcstats.com/event-details/91720876db0ee468,91720876db0ee468,"December 30, 2011",UFC 141: Lesnar vs Overeem,UFC 141,"Las Vegas, Nevada, USA"
407,http://ufcstats.com/event-details/6d7886b094b471ac,6d7886b094b471ac,"December 10, 2011",UFC 140: Jones vs Machida,UFC 140,"Toronto, Ontario, Canada"
408,http://ufcstats.com/event-details/1f5f75658551f2d3,1f5f75658551f2d3,"December 03, 2011",The Ultimate Fighter: Team Bisping vs Team Miller Finale,The Ultimate Fighter,"Las Vegas, Nevada, USA"
409,http://ufcstats.com/event-details/0ec821423baa26bd,0ec821423baa26bd,"November 19, 2011",UFC 139: Shogun vs Henderson,UFC 139,"San Jose, California, USA"
410,http://ufcstats.com/event-details/1c061eb6e29eaa0a,1c061eb6e29eaa0a,"November 12, 2011",UFC on FOX: Velasquez vs Dos Santos,UFC on FOX,"Anaheim, California, USA"
411,http://ufcstats.com/event-details/e780ccc79a209985,e780ccc79a209985,"November 05, 2011",UFC 138: Leben vs Munoz,UFC 138,"Birmingham, England, United Kingdom"
412,http://ufcstats.com/event-details/8788beb528894f33,8788beb528894f33,"October 29, 2011",UFC 137: Penn vs Diaz,UFC 137,"Las Vegas, Nevada, USA"
413,http://ufcstats.com/event-details/7d5b12de1625984e,7d5b12de1625984e,"October 08, 2011",UFC 136: Edgar vs Maynard 3,UFC 136,"Houston, Texas, USA"
414,http://ufcstats.com/event-details/44f9c777fed7ca03,44f9c777fed7ca03,"October 01, 2011",UFC Live: Cruz vs Johnson,UFC Live,"Washington, DC, USA"
415,http://ufcstats.com/event-details/73ef22f25d0f70e2,73ef22f25d0f70e2,"September 24, 2011",UFC 135: Jones vs Rampage,UFC 135,"Denver, Colorado, USA"
416,http://ufcstats.com/event-details/1ffc38f67785797b,1ffc38f67785797b,"September 17, 2011",UFC Fight Night: Shields vs Ellenberger,UFC Fight Night,"New Orleans, Louisiana, USA"
417,http://ufcstats.com/event-details/18968f97ad34f15c,18968f97ad34f15c,"August 27, 2011",UFC 134: Silva vs Okami,UFC 134,"Rio de Janeiro, Brazil"
418,http://ufcstats.com/event-details/4c8d6fde2dde07c4,4c8d6fde2dde07c4,"August 14, 2011",UFC Live: Hardy vs Lytle,UFC Live,"Milwaukee, Wisconsin, USA"
419,http://ufcstats.com/event-details/f1f9e48a0d150757,f1f9e48a0d150757,"August 06, 2011",UFC 133: Evans vs Ortiz 2,UFC 133,"Philadelphia, Pennsylvania, USA"
420,http://ufcstats.com/event-details/83fd97284f4bb4a4,83fd97284f4bb4a4,"July 02, 2011",UFC 132: Cruz vs Faber,UFC 132,"Las Vegas, Nevada, USA"
421,http://ufcstats.com/event-details/d023ae89a2a4a41e,d023ae89a2a4a41e,"June 26, 2011",UFC Live: Kongo vs Barry,UFC Live,"Pittsburgh, Pennsylvania, USA"
422,http://ufcstats.com/event-details/aac5ac38148f0528,aac5ac38148f0528,"June 11, 2011",UFC 131: Dos Santos vs Carwin,UFC 131,"Vancouver, British Columbia, Canada"
423,http://ufcstats.com/event-details/3ba3b5cc94498437,3ba3b5cc94498437,"June 04, 2011",The Ultimate Fighter: Team Lesnar vs Team dos Santos Finale,The Ultimate Fighter,"Las Vegas, Nevada, USA"
424,http://ufcstats.com/event-details/b732b326c362fb62,b732b326c362fb62,"May 28, 2011",UFC 130: Rampage vs Hamill,UFC 130,"Las Vegas, Nevada, USA"
425,http://ufcstats.com/event-details/2db7fa8db6bc9632,2db7fa8db6bc9632,"April 30, 2011",UFC 129: St-Pierre vs Shields,UFC 129,"Toronto, Ontario, Canada"
426,http://ufcstats.com/event-details/8a59d346dc976a10,8a59d346dc976a10,"March 26, 2011",UFC Fight Night: Nogueira vs Davis,UFC Fight Night,"Seattle, Washington, USA"
427,http://ufcstats.com/event-details/1411c630ba711b64,1411c630ba711b64,"March 19, 2011",UFC 128: Shogun vs Jones,UFC 128,"Newark, New Jersey, USA"
428,http://ufcstats.com/event-details/a54fc2d6fc224dc3,a54fc2d6fc224dc3,"March 03, 2011",UFC Live: Sanchez vs Kampmann,UFC Live,"Louisville, Kentucky, USA"
429,http://ufcstats.com/event-details/88a9bc81271ccd89,88a9bc81271ccd89,"February 26, 2011",UFC 127: Penn vs Fitch,UFC 127,"Sydney, New South Wales, Australia"
430,http://ufcstats.com/event-details/65ddc8a9ac4e8531,65ddc8a9ac4e8531,"February 05, 2011",UFC 126: Silva vs Belfort,UFC 126,"Las Vegas, Nevada, USA"
431,http://ufcstats.com/event-details/282fa667ff9c51ed,282fa667ff9c51ed,"January 22, 2011",UFC Fight Night: Fight for the Troops 2,UFC Fight Night,"Killeen, Texas, USA"
432,http://ufcstats.com/event-details/d1152823307d7e7c,d1152823307d7e7c,"January 01, 2011",UFC 125: Resolution,UFC 125,"Las Vegas, Nevada, USA"
433,http://ufcstats.com/event-details/132f860d02953f4c,132f860d02953f4c,"December 11, 2010",UFC 124: St-Pierre vs Koscheck 2,UFC 124,"Montreal, Quebec, Canada"
434,http://ufcstats.com/event-details/5d7bdab5e03e3216,5d7bdab5e03e3216,"December 04, 2010",The Ultimate Fighter: Team GSP vs Team Koscheck Finale,The Ultimate Fighter,"Las Vegas, Nevada, USA"
435,http://ufcstats.com/event-details/dd992d569aaebee6,dd992d569aaebee6,"November 20, 2010",UFC 123: Rampage vs Machida,UFC 123,"Auburn Hills, Michigan, USA"
436,http://ufcstats.com/event-details/0ff11cc094e887bc,0ff11cc094e887bc,"November 13, 2010",UFC 122: Marquardt vs Okami,UFC 122,"Oberhausen, North Rhine-Westphalia, Germany"
437,http://ufcstats.com/event-details/afdb76fbd86f6d11,afdb76fbd86f6d11,"October 23, 2010",UFC 121: Lesnar vs Velasquez,UFC 121,"Anaheim, California, USA"
438,http://ufcstats.com/event-details/d512d9f204059f57,d512d9f204059f57,"October 16, 2010",UFC 120: Bisping vs Akiyama,UFC 120,"London, England, United Kingdom"
439,http://ufcstats.com/event-details/ad32471f01e7b1a5,ad32471f01e7b1a5,"September 25, 2010",UFC 119: Mir vs Cro Cop,UFC 119,"Indianapolis, Indiana, USA"
440,http://ufcstats.com/event-details/acff437707625fc7,acff437707625fc7,"September 15, 2010",UFC Fight Night: Marquardt vs Palhares,UFC Fight Night,"Austin, Texas, USA"
441,http://ufcstats.com/event-details/054defd5420a551f,054defd5420a551f,"August 28, 2010",UFC 118: Edgar vs Penn 2,UFC 118,"Boston, Massachusetts, USA"
442,http://ufcstats.com/event-details/2f3f12002564bb55,2f3f12002564bb55,"August 07, 2010",UFC 117: Silva vs Sonnen,UFC 117,"Oakland, California, USA"
443,http://ufcstats.com/event-details/f12f979b657ab876,f12f979b657ab876,"August 01, 2010",UFC Live: Jones vs Matyushenko,UFC Live,"San Diego, California, USA"
444,http://ufcstats.com/event-details/140745cbbcb023ac,140745cbbcb023ac,"July 03, 2010",UFC 116: Lesnar vs Carwin,UFC 116,"Las Vegas, Nevada, USA"
445,http://ufcstats.com/event-details/9bcf8603ceb25680,9bcf8603ceb25680,"June 19, 2010",The Ultimate Fighter: Team Liddell vs Team Ortiz Finale,The Ultimate Fighter,"Las Vegas, Nevada, USA"
446,http://ufcstats.com/event-details/cfb65863d5099327,cfb65863d5099327,"June 12, 2010",UFC 115: Liddell vs Franklin,UFC 115,"Vancouver, British Columbia, Canada"
447,http://ufcstats.com/event-details/bfc2fc38a0e20211,bfc2fc38a0e20211,"May 29, 2010",UFC 114: Rampage vs Evans,UFC 114,"Las Vegas, Nevada, USA"
448,http://ufcstats.com/event-details/d0c29452d3272603,d0c29452d3272603,"May 08, 2010",UFC 113: Machida vs Shogun 2,UFC 113,"Montreal, Quebec, Canada"
449,http://ufcstats.com/event-details/24b033b3daf1c9df,24b033b3daf1c9df,"April 10, 2010",UFC 112: Invincible,UFC 112,"Abu Dhabi, United Arab Emirates"
450,http://ufcstats.com/event-details/3ed134d85dfbd7b4,3ed134d85dfbd7b4,"March 31, 2010",UFC Fight Night: Florian vs Gomi,UFC Fight Night,"Charlotte, North Carolina, USA"
451,http://ufcstats.com/event-details/c80095f6092271a7,c80095f6092271a7,"March 27, 2010",UFC 111: St-Pierre vs Hardy,UFC 111,"Newark, New Jersey, USA"
452,http://ufcstats.com/event-details/3795fca327cbcf23,3795fca327cbcf23,"March 21, 2010",UFC Live: Vera vs Jones,UFC Live,"Broomfield, Colorado, USA"
453,http://ufcstats.com/event-details/49efbdc6c9f650c4,49efbdc6c9f650c4,"February 20, 2010",UFC 110: Nogueira vs Velasquez,UFC 110,"Sydney, New South Wales, Australia"
454,http://ufcstats.com/event-details/15edcf67ccf5be84,15edcf67ccf5be84,"February 06, 2010",UFC 109: Relentless,UFC 109,"Las Vegas, Nevada, USA"
455,http://ufcstats.com/event-details/58bc81376286b3d3,58bc81376286b3d3,"January 11, 2010",UFC Fight Night: Maynard vs Diaz,UFC Fight Night,"Fairfax, Virginia, USA"
456,http://ufcstats.com/event-details/a6d8bfe9e0c8153b,a6d8bfe9e0c8153b,"January 02, 2010",UFC 108: Evans vs Silva,UFC 108,"Las Vegas, Nevada, USA"
457,http://ufcstats.com/event-details/821cd80aab70d5f9,821cd80aab70d5f9,"December 12, 2009",UFC 107: Penn vs Sanchez,UFC 107,"Memphis, Tennessee, USA"
458,http://ufcstats.com/event-details/91d73ee59347ac16,91d73ee59347ac16,"December 05, 2009",The Ultimate Fighter: Heavyweights Finale,The Ultimate Fighter,"Las Vegas, Nevada, USA"
459,http://ufcstats.com/event-details/84a067c46306a737,84a067c46306a737,"November 21, 2009",UFC 106: Ortiz vs Griffin 2,UFC 106,"Las Vegas, Nevada, USA"
460,http://ufcstats.com/event-details/fa8b9e6b0c2269f8,fa8b9e6b0c2269f8,"November 14, 2009",UFC 105: Couture vs Vera,UFC 105,"Manchester, England, United Kingdom"
461,http://ufcstats.com/event-details/7c0847d3854a95f2,7c0847d3854a95f2,"October 24, 2009",UFC 104: Machida vs Shogun,UFC 104,"Los Angeles, California, USA"
462,http://ufcstats.com/event-details/896c322f56b8be5a,896c322f56b8be5a,"September 19, 2009",UFC 103: Franklin vs Belfort,UFC 103,"Dallas, Texas, USA"
463,http://ufcstats.com/event-details/a8ea84cbe1655f0a,a8ea84cbe1655f0a,"September 16, 2009",UFC Fight Night: Diaz vs Guillard,UFC Fight Night,"Oklahoma City, Oklahoma, USA"
464,http://ufcstats.com/event-details/c6a33ff198aaaeeb,c6a33ff198aaaeeb,"August 29, 2009",UFC 102: Couture vs Nogueira,UFC 102,"Portland, Oregon, USA"
465,http://ufcstats.com/event-details/48d1f690b763934c,48d1f690b763934c,"August 08, 2009",UFC 101: Declaration,UFC 101,"Philadelphia, Pennsylvania, USA"
466,http://ufcstats.com/event-details/0ee783aa00e468f0,0ee783aa00e468f0,"July 11, 2009",UFC 100,UFC 100,"Las Vegas, Nevada, USA"
467,http://ufcstats.com/event-details/4908c5ee68a50ee5,4908c5ee68a50ee5,"June 20, 2009",The Ultimate Fighter: United States vs. United Kingdom Finale,The Ultimate Fighter,"Las Vegas, Nevada, USA"
468,http://ufcstats.com/event-details/cb6783c39c01d896,cb6783c39c01d896,"June 13, 2009",UFC 99: The Comeback,UFC 99,"Cologne, North Rhine-Westphalia, Germany"
469,http://ufcstats.com/event-details/c4b6099f0d25f75e,c4b6099f0d25f75e,"May 23, 2009",UFC 98: Evans vs Machida,UFC 98,"Las Vegas, Nevada, USA"
470,http://ufcstats.com/event-details/1652f3213655b935,1652f3213655b935,"April 18, 2009",UFC 97: Redemption,UFC 97,"Montreal, Quebec, Canada"
471,http://ufcstats.com/event-details/04d5718ed2661e8c,04d5718ed2661e8c,"April 01, 2009",UFC Fight Night: Condit vs Kampmann,UFC Fight Night,"Nashville, Tennessee, USA"
472,http://ufcstats.com/event-details/29b5791e51e7e832,29b5791e51e7e832,"March 07, 2009",UFC 96: Jackson vs Jardine,UFC 96,"Columbus, Ohio, USA"
473,http://ufcstats.com/event-details/7d21de9c6d7c98b2,7d21de9c6d7c98b2,"February 21, 2009",UFC 95: Sanchez vs Stevenson,UFC 95,"London, England, United Kingdom"
474,http://ufcstats.com/event-details/d1759b2b7be9be56,d1759b2b7be9be56,"February 07, 2009",UFC Fight Night: Lauzon vs Stephens,UFC Fight Night,"Tampa, Florida, USA"
475,http://ufcstats.com/event-details/2a542ee8a8b83559,2a542ee8a8b83559,"January 31, 2009",UFC 94: St-Pierre vs Penn 2,UFC 94,"Las Vegas, Nevada, USA"
476,http://ufcstats.com/event-details/68c6cd5287b473a7,68c6cd5287b473a7,"January 17, 2009",UFC 93: Franklin vs Henderson,UFC 93,"Dublin, Leinster, Ireland"
477,http://ufcstats.com/event-details/23ab42947c1990e3,23ab42947c1990e3,"December 27, 2008",UFC 92: The Ultimate 2008,UFC 92,"Las Vegas, Nevada, USA"
478,http://ufcstats.com/event-details/ea398c802d9998ee,ea398c802d9998ee,"December 13, 2008",The Ultimate Fighter: Team Nogueira vs. Team Mir Finale,The Ultimate Fighter,"Las Vegas, Nevada, USA"
479,http://ufcstats.com/event-details/30cd319d39ee689b,30cd319d39ee689b,"December 10, 2008",UFC Fight Night - Fight for the Troops,UFC Fight Night - Fight for the Troops,"Fayetteville, North Carolina, USA"
480,http://ufcstats.com/event-details/a2b06ca02bca14c0,a2b06ca02bca14c0,"November 15, 2008",UFC 91: Couture vs Lesnar,UFC 91,"Las Vegas, Nevada, USA"
481,http://ufcstats.com/event-details/c670aa48827d6be6,c670aa48827d6be6,"October 25, 2008",UFC 90: Silva vs Cote,UFC 90,"Rosemont, Illinois, USA"
482,http://ufcstats.com/event-details/312f47c3d2f83ffa,312f47c3d2f83ffa,"October 18, 2008",UFC 89: Bisping vs Leben,UFC 89,"Birmingham, England, United Kingdom"
483,http://ufcstats.com/event-details/279093302a6f44b3,279093302a6f44b3,"September 17, 2008",UFC Fight Night: Diaz vs Neer,UFC Fight Night,"Omaha, Nebraska, USA"
484,http://ufcstats.com/event-details/0db70ca89e1c7374,0db70ca89e1c7374,"September 06, 2008",UFC 88: Breakthrough,UFC 88,"Atlanta, Georgia, USA"
485,http://ufcstats.com/event-details/19ffeb5e3fffd6d5,19ffeb5e3fffd6d5,"August 09, 2008",UFC 87: Seek And Destroy,UFC 87,"Minneapolis, Minnesota, USA"
486,http://ufcstats.com/event-details/46f11d15c0134fe3,46f11d15c0134fe3,"July 19, 2008",UFC: Silva vs Irvin,UFC,"Las Vegas, Nevada, USA"
487,http://ufcstats.com/event-details/bf12aca029bfcc47,bf12aca029bfcc47,"July 05, 2008",UFC 86: Jackson vs Griffin,UFC 86,"Las Vegas, Nevada, USA"
488,http://ufcstats.com/event-details/2299605af59fd309,2299605af59fd309,"June 21, 2008",The Ultimate Fighter: Team Rampage vs Team Forrest Finale,The Ultimate Fighter,"Las Vegas, Nevada, USA"
489,http://ufcstats.com/event-details/2efbc83a6b9b7f86,2efbc83a6b9b7f86,"June 07, 2008",UFC 85: Bedlam,UFC 85,"London, England, United Kingdom"
490,http://ufcstats.com/event-details/2549d63da9c456cb,2549d63da9c456cb,"May 24, 2008",UFC 84: Ill Will,UFC 84,"Las Vegas, Nevada, USA"
491,http://ufcstats.com/event-details/ad047e3073a775f3,ad047e3073a775f3,"April 19, 2008",UFC 83: Serra vs St-Pierre 2,UFC 83,"Montreal, Quebec, Canada"
492,http://ufcstats.com/event-details/b9e871af730f826c,b9e871af730f826c,"April 02, 2008",UFC Fight Night: Florian vs Lauzon,UFC Fight Night,"Broomfield, Colorado, USA"
493,http://ufcstats.com/event-details/598a58db87b890ee,598a58db87b890ee,"March 01, 2008",UFC 82: Pride of a Champion,UFC 82,"Columbus, Ohio, USA"
494,http://ufcstats.com/event-details/597db668b01c442c,597db668b01c442c,"February 02, 2008",UFC 81: Breaking Point,UFC 81,"Las Vegas, Nevada, USA"
495,http://ufcstats.com/event-details/33e33d51f289d2a1,33e33d51f289d2a1,"January 23, 2008",UFC Fight Night: Swick vs Burkman,UFC Fight Night,"Las Vegas, Nevada, USA"
496,http://ufcstats.com/event-details/a24e080000fa7a35,a24e080000fa7a35,"January 19, 2008",UFC 80: Rapid Fire,UFC 80,"Newcastle, England, United Kingdom"
497,http://ufcstats.com/event-details/7269329bd87eb479,7269329bd87eb479,"December 29, 2007",UFC 79: Nemesis,UFC 79,"Las Vegas, Nevada, USA"
498,http://ufcstats.com/event-details/df85d6ec3493d120,df85d6ec3493d120,"December 08, 2007",The Ultimate Fighter: Team Hughes vs. Team Serra Finale,The Ultimate Fighter,"Las Vegas, Nevada, USA"
499,http://ufcstats.com/event-details/1d147d4163a6989b,1d147d4163a6989b,"November 17, 2007",UFC 78: Validation,UFC 78,"Newark, New Jersey, USA"
500,http://ufcstats.com/event-details/91181b29be041f1c,91181b29be041f1c,"October 20, 2007",UFC 77: Hostile Territory,UFC 77,"Cincinnati, Ohio, USA"
501,http://ufcstats.com/event-details/bad28b7b34f334de,bad28b7b34f334de,"September 22, 2007",UFC 76: Knockout,UFC 76,"Anaheim, California, USA"
502,http://ufcstats.com/event-details/f341f9551ba744e2,f341f9551ba744e2,"September 19, 2007",UFC Fight Night: Thomas vs Florian,UFC Fight Night,"Las Vegas, Nevada, USA"
503,http://ufcstats.com/event-details/0aa92558424ced9e,0aa92558424ced9e,"September 08, 2007",UFC 75: Champion vs Champion,UFC 75,"London, England, United Kingdom"
504,http://ufcstats.com/event-details/a5c53b3ddb31cc7d,a5c53b3ddb31cc7d,"August 25, 2007",UFC 74: Respect,UFC 74,"Las Vegas, Nevada, USA"
505,http://ufcstats.com/event-details/2a6f8136da1e52c0,2a6f8136da1e52c0,"July 07, 2007",UFC 73: Stacked,UFC 73,"Sacramento, California, USA"
506,http://ufcstats.com/event-details/e7ec11096eac0282,e7ec11096eac0282,"June 23, 2007",The Ultimate Fighter: Team Pulver vs. Team Penn Finale,The Ultimate Fighter,"Las Vegas, Nevada, USA"
507,http://ufcstats.com/event-details/5ca158b1cc9cb242,5ca158b1cc9cb242,"June 16, 2007",UFC 72: Victory,UFC 72,"Belfast, Northern Ireland, United Kingdom"
508,http://ufcstats.com/event-details/304fcd812f12c589,304fcd812f12c589,"June 12, 2007",UFC Fight Night: Stout vs Fisher,UFC Fight Night,"Hollywood, Florida, USA"
509,http://ufcstats.com/event-details/2e04a3b4a2011b97,2e04a3b4a2011b97,"May 26, 2007",UFC 71: Liddell vs Jackson,UFC 71,"Las Vegas, Nevada, USA"
510,http://ufcstats.com/event-details/4604ab1de9058474,4604ab1de9058474,"April 21, 2007",UFC 70: Nations Collide,UFC 70,"Manchester, England, United Kingdom"
511,http://ufcstats.com/event-details/c1684f00c626f4c0,c1684f00c626f4c0,"April 07, 2007",UFC 69: Shootout,UFC 69,"Houston, Texas, USA"
512,http://ufcstats.com/event-details/a6c2f5381d575920,a6c2f5381d575920,"April 05, 2007",UFC Fight Night: Stevenson vs Guillard,UFC Fight Night,"Las Vegas, Nevada, USA"
513,http://ufcstats.com/event-details/de3ed2e152520c8d,de3ed2e152520c8d,"March 03, 2007",UFC 68: The Uprising,UFC 68,"Columbus, Ohio, USA"
514,http://ufcstats.com/event-details/63b65af1c5cb02cb,63b65af1c5cb02cb,"February 03, 2007",UFC 67: All or Nothing,UFC 67,"Las Vegas, Nevada, USA"
515,http://ufcstats.com/event-details/13c4313ed0f744f3,13c4313ed0f744f3,"January 25, 2007",UFC Fight Night: Evans vs Salmon,UFC Fight Night,"Hollywood, Florida, USA"
516,http://ufcstats.com/event-details/ee5df903f80c6816,ee5df903f80c6816,"December 30, 2006",UFC 66: Liddell vs Ortiz 2,UFC 66,"Las Vegas, Nevada, USA"
517,http://ufcstats.com/event-details/21b8a0f5c231096f,21b8a0f5c231096f,"December 13, 2006",UFC Fight Night: Sanchez vs Riggs,UFC Fight Night,"San Diego, California, USA"
518,http://ufcstats.com/event-details/3fed746acfd026dd,3fed746acfd026dd,"November 18, 2006",UFC 65: Bad Intentions,UFC 65,"Sacramento, California, USA"
519,http://ufcstats.com/event-details/baf942f4bcb09894,baf942f4bcb09894,"November 11, 2006",The Ultimate Fighter: The Comeback Finale,The Ultimate Fighter,"Las Vegas, Nevada, USA"
520,http://ufcstats.com/event-details/13b2f59210dda9cc,13b2f59210dda9cc,"October 14, 2006",UFC 64: Unstoppable,UFC 64,"Las Vegas, Nevada, USA"
521,http://ufcstats.com/event-details/577ec7e108b94be3,577ec7e108b94be3,"October 10, 2006",Ortiz vs Shamrock 3: The Final Chapter,Ortiz vs Shamrock 3,"Hollywood, Florida, USA"
522,http://ufcstats.com/event-details/13e62d766b709aa6,13e62d766b709aa6,"September 23, 2006",UFC 63: Hughes vs Penn,UFC 63,"Anaheim, California, USA"
523,http://ufcstats.com/event-details/f717b6002486f73f,f717b6002486f73f,"August 26, 2006",UFC 62: Liddell vs Sobral,UFC 62,"Las Vegas, Nevada, USA"
524,http://ufcstats.com/event-details/46c8ec317aff28ac,46c8ec317aff28ac,"August 17, 2006",UFC Fight Night 6,UFC Fight Night 6,"Las Vegas, Nevada, USA"
525,http://ufcstats.com/event-details/f70144caea5c4c80,f70144caea5c4c80,"July 08, 2006",UFC 61: Bitter Rivals,UFC 61,"Las Vegas, Nevada, USA"
526,http://ufcstats.com/event-details/445a98acb8985970,445a98acb8985970,"June 28, 2006",UFC Fight Night 5,UFC Fight Night 5,"Las Vegas, Nevada, USA"
527,http://ufcstats.com/event-details/1dab0d1d81dd06db,1dab0d1d81dd06db,"June 24, 2006",The Ultimate Fighter: Team Ortiz vs. Team Shamrock Finale,The Ultimate Fighter,"Las Vegas, Nevada, USA"
528,http://ufcstats.com/event-details/a54a35a670d8e852,a54a35a670d8e852,"May 27, 2006",UFC 60: Hughes vs Gracie,UFC 60,"Los Angeles, California, USA"
529,http://ufcstats.com/event-details/03688dc3c3af3ac1,03688dc3c3af3ac1,"April 15, 2006",UFC 59: Reality Check,UFC 59,"Anaheim, California, USA"
530,http://ufcstats.com/event-details/b361180739bed4b0,b361180739bed4b0,"April 06, 2006",UFC Fight Night 4,UFC Fight Night 4,"Las Vegas, Nevada, USA"
531,http://ufcstats.com/event-details/0e9869d712e81f8f,0e9869d712e81f8f,"March 04, 2006",UFC 58: USA vs Canada,UFC 58,"Las Vegas, Nevada, USA"
532,http://ufcstats.com/event-details/977081bc01197656,977081bc01197656,"February 04, 2006",UFC 57: Liddell vs Couture 3,UFC 57,"Las Vegas, Nevada, USA"
533,http://ufcstats.com/event-details/2ee09ec2a0695eb9,2ee09ec2a0695eb9,"January 16, 2006",UFC Fight Night 3,UFC Fight Night 3,"Las Vegas, Nevada, USA"
534,http://ufcstats.com/event-details/c7e9d15cfce52f1d,c7e9d15cfce52f1d,"November 19, 2005",UFC 56: Full Force,UFC 56,"Las Vegas, Nevada, USA"
535,http://ufcstats.com/event-details/31ceaf0e670c1578,31ceaf0e670c1578,"November 05, 2005",The Ultimate Fighter: Team Hughes vs. Team Franklin Finale,The Ultimate Fighter,"Las Vegas, Nevada, USA"
536,http://ufcstats.com/event-details/271fe91f4ba9d2c5,271fe91f4ba9d2c5,"October 07, 2005",UFC 55: Fury,UFC 55,"Uncasville, Connecticut, USA"
537,http://ufcstats.com/event-details/efaf544314bb5c2e,efaf544314bb5c2e,"October 03, 2005",UFC Fight Night 2,UFC Fight Night 2,"Las Vegas, Nevada, USA"
538,http://ufcstats.com/event-details/669a3cb6e394f515,669a3cb6e394f515,"August 20, 2005",UFC 54: Boiling Point,UFC 54,"Las Vegas, Nevada, USA"
539,http://ufcstats.com/event-details/3f24c96753dbd9f9,3f24c96753dbd9f9,"August 06, 2005",UFC Fight Night 1,UFC Fight Night 1,"Las Vegas, Nevada, USA"
540,http://ufcstats.com/event-details/d3711d3784b76255,d3711d3784b76255,"June 04, 2005",UFC 53: Heavy Hitters,UFC 53,"Atlantic City, New Jersey, USA"
541,http://ufcstats.com/event-details/c933d423ebdbbbdb,c933d423ebdbbbdb,"April 16, 2005",UFC 52: Couture vs Liddell 2,UFC 52,"Las Vegas, Nevada, USA"
542,http://ufcstats.com/event-details/fbbde91f7bc2d3c5,fbbde91f7bc2d3c5,"April 09, 2005",The Ultimate Fighter: Team Couture vs. Team Liddell Finale,The Ultimate Fighter,"Las Vegas, Nevada, USA"
543,http://ufcstats.com/event-details/85d905f7c4f5a1af,85d905f7c4f5a1af,"February 05, 2005",UFC 51: Super Saturday,UFC 51,"Las Vegas, Nevada, USA"
544,http://ufcstats.com/event-details/ce783bf73b5131f9,ce783bf73b5131f9,"October 22, 2004",UFC 50: The War Of '04,UFC 50,"Atlantic City, New Jersey, USA"
545,http://ufcstats.com/event-details/b4bc2e3353a770b5,b4bc2e3353a770b5,"August 21, 2004",UFC 49: Unfinished Business,UFC 49,"Las Vegas, Nevada, USA"
546,http://ufcstats.com/event-details/429e7d3725852ce9,429e7d3725852ce9,"June 19, 2004",UFC 48: Payback,UFC 48,"Las Vegas, Nevada, USA"
547,http://ufcstats.com/event-details/e8fb8e53bc2e29d6,e8fb8e53bc2e29d6,"April 02, 2004",UFC 47: It's On!,UFC 47,"Las Vegas, Nevada, USA"
548,http://ufcstats.com/event-details/94609dd91731d428,94609dd91731d428,"January 31, 2004",UFC 46: Supernatural,UFC 46,"Las Vegas, Nevada, USA"
549,http://ufcstats.com/event-details/e670f8cc2969a789,e670f8cc2969a789,"November 21, 2003",UFC 45: Revolution,UFC 45,"Uncasville, Connecticut, USA"
550,http://ufcstats.com/event-details/c61f66d8c3fd5f07,c61f66d8c3fd5f07,"September 26, 2003",UFC 44: Undisputed,UFC 44,"Las Vegas, Nevada, USA"
551,http://ufcstats.com/event-details/108afe61a26bcbf4,108afe61a26bcbf4,"June 06, 2003",UFC 43: Meltdown,UFC 43,"Las Vegas, Nevada, USA"
552,http://ufcstats.com/event-details/ae58685caf8e4a0d,ae58685caf8e4a0d,"April 25, 2003",UFC 42: Sudden Impact,UFC 42,"Miami, Florida, USA"
553,http://ufcstats.com/event-details/bba678d312590087,bba678d312590087,"February 28, 2003",UFC 41: Onslaught,UFC 41,"Atlantic City, New Jersey, USA"
554,http://ufcstats.com/event-details/e06fd1260ac865a7,e06fd1260ac865a7,"November 22, 2002",UFC 40: Vendetta,UFC 40,"Las Vegas, Nevada, USA"
555,http://ufcstats.com/event-details/0cf935519d439ba6,0cf935519d439ba6,"September 27, 2002",UFC 39: The Warriors Return,UFC 39,"Uncasville, Connecticut, USA"
556,http://ufcstats.com/event-details/1dc56b59cb28425d,1dc56b59cb28425d,"July 13, 2002",UFC 38: Brawl at the Hall,UFC 38,"London, England, United Kingdom"
557,http://ufcstats.com/event-details/9ccdd2ce45903f34,9ccdd2ce45903f34,"June 22, 2002",UFC 37.5: As Real As It Gets,UFC 37.5,"Las Vegas, Nevada, USA"
558,http://ufcstats.com/event-details/9fd1f08dd4aec14a,9fd1f08dd4aec14a,"May 10, 2002",UFC 37: High Impact,UFC 37,"Bossier City, Louisiana, USA"
559,http://ufcstats.com/event-details/02fc8f50f56eb307,02fc8f50f56eb307,"March 22, 2002",UFC 36: Worlds Collide,UFC 36,"Las Vegas, Nevada, USA"
560,http://ufcstats.com/event-details/946f341df6472ee0,946f341df6472ee0,"January 11, 2002",UFC 35: Throwdown,UFC 35,"Uncasville, Connecticut, USA"
561,http://ufcstats.com/event-details/4dc496aa0cfc0d95,4dc496aa0cfc0d95,"November 02, 2001",UFC 34: High Voltage,UFC 34,"Las Vegas, Nevada, USA"
562,http://ufcstats.com/event-details/c75b99887c8c3f5a,c75b99887c8c3f5a,"September 28, 2001",UFC 33: Victory in Vegas,UFC 33,"Las Vegas, Nevada, USA"
563,http://ufcstats.com/event-details/7b9aa973e5c04624,7b9aa973e5c04624,"June 29, 2001",UFC 32: Showdown in the Meadowlands,UFC 32,"East Rutherford, New Jersey, USA"
564,http://ufcstats.com/event-details/20bd6c3e03c46ee6,20bd6c3e03c46ee6,"May 04, 2001",UFC 31: Locked and Loaded,UFC 31,"Atlantic City, New Jersey, USA"
565,http://ufcstats.com/event-details/2b1587a3376ab743,2b1587a3376ab743,"February 23, 2001",UFC 30: Battle on the Boardwalk,UFC 30,"Atlantic City, New Jersey, USA"
566,http://ufcstats.com/event-details/08ae5cd9aef7ddd3,08ae5cd9aef7ddd3,"December 16, 2000",UFC 29: Defense of the Belts,UFC 29,"Tokyo, Japan"
567,http://ufcstats.com/event-details/da6dfd09cca1d705,da6dfd09cca1d705,"November 17, 2000",UFC 28: High Stakes,UFC 28,"Atlantic City, New Jersey, USA"
568,http://ufcstats.com/event-details/31652c9267606d54,31652c9267606d54,"September 22, 2000",UFC 27: Ultimate Bad Boyz,UFC 27,"New Orleans, Louisiana, USA"
569,http://ufcstats.com/event-details/cedfdf8d423d500c,cedfdf8d423d500c,"June 09, 2000",UFC 26: Ultimate Field Of Dreams,UFC 26,"Cedar Rapids, Iowa, USA"
570,http://ufcstats.com/event-details/d2b1c1317a39f6c6,d2b1c1317a39f6c6,"April 14, 2000",UFC 25: Ultimate Japan 3,UFC 25,"Tokyo, Japan"
571,http://ufcstats.com/event-details/20ec0061400178ca,20ec0061400178ca,"March 10, 2000",UFC 24: First Defense,UFC 24,"Lake Charles, Louisiana, USA"
572,http://ufcstats.com/event-details/a8fa0c4e95512806,a8fa0c4e95512806,"November 19, 1999",UFC 23: Ultimate Japan 2,UFC 23,"Chiba, Japan"
573,http://ufcstats.com/event-details/afaad7d6a581e307,afaad7d6a581e307,"September 24, 1999",UFC 22: Only One Can be Champion,UFC 22,"Lake Charles, Louisiana, USA"
574,http://ufcstats.com/event-details/1a1a4d7a29041d77,1a1a4d7a29041d77,"July 16, 1999",UFC 21: Return of the Champions,UFC 21,"Cedar Rapids, Iowa, USA"
575,http://ufcstats.com/event-details/a7b48e18ca27795d,a7b48e18ca27795d,"May 07, 1999",UFC 20: Battle for the Gold,UFC 20,"Birmingham, Alabama, USA"
576,http://ufcstats.com/event-details/a220be6d41d6f97d,a220be6d41d6f97d,"March 05, 1999",UFC 19: Ultimate Young Guns,UFC 19,"Bay St. Louis, Mississippi, USA"
577,http://ufcstats.com/event-details/c9bbf1a0285a8076,c9bbf1a0285a8076,"January 08, 1999",UFC 18: The Road to the Heavyweight Title,UFC 18,"New Orleans, Louisiana, USA"
578,http://ufcstats.com/event-details/32a3025d5db456ae,32a3025d5db456ae,"October 16, 1998",UFC - Ultimate Brazil,UFC - Ultimate Brazil,"Sao Paulo, Brazil"
579,http://ufcstats.com/event-details/4a01dc8376736ef5,4a01dc8376736ef5,"May 15, 1998",UFC 17: Redemption,UFC 17,"Mobile, Alabama, USA"
580,http://ufcstats.com/event-details/749685d24e2cac50,749685d24e2cac50,"March 13, 1998",UFC 16: Battle in the Bayou,UFC 16,"New Orleans, Louisiana, USA"
581,http://ufcstats.com/event-details/29f935654825331b,29f935654825331b,"December 21, 1997",UFC - Ultimate Japan,UFC - Ultimate Japan,"Yokohama, Kanagawa, Japan"
582,http://ufcstats.com/event-details/07a18ae55dfc3cd9,07a18ae55dfc3cd9,"October 17, 1997",UFC 15: Collision Course,UFC 15,"Bay St. Louis, Mississippi, USA"
583,http://ufcstats.com/event-details/dc950d59dc590aca,dc950d59dc590aca,"July 27, 1997",UFC 14: Showdown,UFC 14,"Birmingham, Alabama, USA"
584,http://ufcstats.com/event-details/5bd533d50c8e7b8a,5bd533d50c8e7b8a,"May 30, 1997",UFC 13: The Ultimate Force,UFC 13,"Augusta, Georgia, USA"
585,http://ufcstats.com/event-details/96eff1a628adcc7f,96eff1a628adcc7f,"February 07, 1997",UFC 12: Judgement Day,UFC 12,"Dothan, Alabama, USA"
586,http://ufcstats.com/event-details/9b5b5a75523728f3,9b5b5a75523728f3,"December 07, 1996",UFC - Ultimate Ultimate '96,UFC - Ultimate Ultimate '96,"Birmingham, Alabama, USA"
587,http://ufcstats.com/event-details/6ceff86fae4f6b3b,6ceff86fae4f6b3b,"September 20, 1996",UFC 11: The Proving Ground,UFC 11,"Augusta, Georgia, USA"
588,http://ufcstats.com/event-details/aee8eecfc4bfb1e7,aee8eecfc4bfb1e7,"July 12, 1996",UFC 10: The Tournament,UFC 10,"Birmingham, Alabama, USA"
589,http://ufcstats.com/event-details/a390eb8a9b2df298,a390eb8a9b2df298,"May 17, 1996",UFC 9: Motor City Madness,UFC 9,"Detroit, Michigan, USA"
590,http://ufcstats.com/event-details/b63e800c18e011b5,b63e800c18e011b5,"February 16, 1996",UFC 8: David vs Goliath,UFC 8,"San Juan, Puerto Rico"
591,http://ufcstats.com/event-details/31bbd46d57dfbcb7,31bbd46d57dfbcb7,"December 16, 1995",UFC - Ultimate Ultimate '95,UFC - Ultimate Ultimate '95,"Denver, Colorado, USA"
592,http://ufcstats.com/event-details/5af480a3b2e1726b,5af480a3b2e1726b,"September 08, 1995",UFC 7: The Brawl in Buffalo,UFC 7,"Buffalo, New York, USA"
593,http://ufcstats.com/event-details/1c3f5e85b59ec710,1c3f5e85b59ec710,"July 14, 1995",UFC 6: Clash of the Titans,UFC 6,"Casper, Wyoming, USA"
594,http://ufcstats.com/event-details/dedc3bb440d09554,dedc3bb440d09554,"April 07, 1995",UFC 5: The Return of the Beast,UFC 5,"Charlotte, North Carolina, USA"
595,http://ufcstats.com/event-details/b60391da771deefe,b60391da771deefe,"December 16, 1994",UFC 4: Revenge of the Warriors,UFC 4,"Tulsa, Oklahoma, USA"
596,http://ufcstats.com/event-details/1a49e0670dfaca31,1a49e0670dfaca31,"September 09, 1994",UFC 3: The American Dream,UFC 3,"Charlotte, North Carolina, USA"
597,http://ufcstats.com/event-details/a6a9ab5a824e8f66,a6a9ab5a824e8f66,"March 11, 1994",UFC 2: No Way Out,UFC 2,"Denver, Colorado, USA"
